day_index,date,day_name,price_idr,source
1,2026-01-01,Thursday,2488000,Antam Official (HF)
2,2026-01-02,Friday,2504000,Antam Official (HF)
3,2026-01-03,Saturday,2488000,Antam Official (HF)
4,2026-01-04,Sunday,2488000,Weekend Carryover
5,2026-01-05,Monday,2515000,Antam Official (HF)
6,2026-01-06,Tuesday,2549000,Antam Official (HF)
7,2026-01-07,Wednesday,2584000,Antam Official (HF)
8,2026-01-08,Thursday,2570000,Antam Official (HF)
9,2026-01-09,Friday,2577000,Antam Official (HF)
10,2026-01-10,Saturday,2602000,Antam Official (HF)
11,2026-01-11,Sunday,2602000,Weekend Carryover
12,2026-01-12,Monday,2631000,Antam Official (HF)
13,2026-01-13,Tuesday,2652000,Antam Official (HF)
14,2026-01-14,Wednesday,2665000,Antam Official (HF)
15,2026-01-15,Thursday,2675000,Antam Official (HF)
16,2026-01-16,Friday,2669000,Antam Official (HF)
17,2026-01-17,Saturday,2663000,Antam Official (HF)
18,2026-01-18,Sunday,2663000,Weekend Carryover
19,2026-01-19,Monday,2703000,Antam Official (HF)
20,2026-01-20,Tuesday,2737000,Antam Official (HF)
21,2026-01-21,Wednesday,2805000,Antam Official (HF)
22,2026-01-22,Thursday,2790000,Antam Official (HF)
23,2026-01-23,Friday,2880000,Antam Official (HF)
24,2026-01-24,Saturday,2887000,Antam Official (HF)
25,2026-01-25,Sunday,2887000,Weekend Carryover
26,2026-01-26,Monday,2917000,Antam Official (HF)
27,2026-01-27,Tuesday,2916000,Antam Official (HF)
28,2026-01-28,Wednesday,3003000,Antam Official (HF)
29,2026-01-29,Thursday,3168000,Antam Official (HF)
30,2026-01-30,Friday,3120000,Antam Official (HF)
31,2026-01-31,Saturday,2860000,Antam Official (HF)
32,2026-02-01,Sunday,2860000,Weekend Carryover
33,2026-02-02,Monday,3027000,Antam Official (HF)
34,2026-02-03,Tuesday,2844000,Antam Official (HF)
35,2026-02-04,Wednesday,2973000,Antam Official (HF)
36,2026-02-05,Thursday,2956000,Antam Official (HF)
37,2026-02-06,Friday,2890000,Antam Official (HF)
38,2026-02-07,Saturday,2920000,Antam Official (HF)
39,2026-02-08,Sunday,2920000,Weekend Carryover
40,2026-02-09,Monday,2940000,Antam Official (HF)
41,2026-02-10,Tuesday,2954000,Antam Official (HF)
42,2026-02-11,Wednesday,2947000,Antam Official (HF)
43,2026-02-12,Thursday,2947000,Antam Official (HF)
44,2026-02-13,Friday,2904000,Antam Official (HF)
45,2026-02-14,Saturday,2954000,Antam Official (HF)
46,2026-02-15,Sunday,2954000,Weekend Carryover
47,2026-02-16,Monday,2940000,Antam Official (HF)
48,2026-02-17,Tuesday,2918000,Antam Official (HF)
49,2026-02-18,Wednesday,2912000,Antam Official (HF)
50,2026-02-19,Thursday,2916000,Antam Official (HF)
51,2026-02-20,Friday,2944000,Antam Official (HF)
52,2026-02-21,Saturday,3012000,Antam Official (HF)
53,2026-02-22,Sunday,3012000,Weekend Carryover
54,2026-02-23,Monday,3028000,Antam Official (HF)
55,2026-02-24,Tuesday,3068000,Antam Official (HF)
56,2026-02-25,Wednesday,3023000,Antam Official (HF)
57,2026-02-26,Thursday,3039000,Antam Official (HF)
58,2026-02-27,Friday,3045000,Antam Official (HF)
59,2026-02-28,Saturday,3085000,Antam Official (HF)
60,2026-03-01,Sunday,3085000,Weekend Carryover
61,2026-03-02,Monday,3135000,Antam Official (HF)
62,2026-03-03,Tuesday,3122000,Antam Official (HF)
63,2026-03-04,Wednesday,3045000,Antam Official (HF)
64,2026-03-05,Thursday,3049000,Antam Official (HF)
65,2026-03-06,Friday,3024000,Antam Official (HF)
66,2026-03-07,Saturday,3059000,Antam Official (HF)
67,2026-03-08,Sunday,3059000,Weekend Carryover
68,2026-03-09,Monday,3039000,Antam Official (HF)
69,2026-03-10,Tuesday,3047000,Antam Official (HF)
70,2026-03-11,Wednesday,3087000,Antam Official (HF)
71,2026-03-12,Thursday,3042000,Antam Official (HF)
72,2026-03-13,Friday,3021000,Antam Official (HF)
73,2026-03-14,Saturday,2997000,Antam Official (HF)
74,2026-03-15,Sunday,2997000,Weekend Carryover
75,2026-03-16,Monday,2992000,Antam Official (HF)
76,2026-03-17,Tuesday,2988000,Antam Official (HF)
77,2026-03-18,Wednesday,2996000,Antam Official (HF)
78,2026-03-19,Thursday,2943000,Antam Official (HF)
79,2026-03-20,Friday,2893000,Antam Official (HF)
80,2026-03-21,Saturday,2893000,Antam Official (HF)
81,2026-03-22,Sunday,2893000,Antam Official (HF)
82,2026-03-23,Monday,2843000,Antam Official (HF)
83,2026-03-24,Tuesday,2843000,Antam Official (HF)
84,2026-03-25,Wednesday,2850000,Antam Official (HF)
85,2026-03-26,Thursday,2850000,Antam Official (HF)
86,2026-03-27,Friday,2810000,Antam Official (HF)
87,2026-03-28,Saturday,2837000,Antam Official (HF)
88,2026-03-29,Sunday,2837000,Antam Official (HF)
89,2026-03-30,Monday,2837000,Antam Official (HF)
90,2026-03-31,Tuesday,2827000,Antam Official (HF)
91,2026-04-01,Wednesday,2902000,Antam Official (HF)
92,2026-04-02,Thursday,2922000,Antam Official (HF)
93,2026-04-03,Friday,2857000,Antam Official (HF)
94,2026-04-04,Saturday,2857000,Antam Official (HF)
95,2026-04-05,Sunday,2857000,Antam Official (HF)
96,2026-04-06,Monday,2831000,Antam Official (HF)
97,2026-04-07,Tuesday,2850000,Antam Official (HF)
98,2026-04-08,Wednesday,2900000,Antam Official (HF)
99,2026-04-09,Thursday,2850000,Antam Official (HF)
100,2026-04-10,Friday,2857000,Antam Official (HF)
101,2026-04-11,Saturday,2860000,Antam Official (HF)
102,2026-04-12,Sunday,2860000,Antam Official (HF)
103,2026-04-13,Monday,2818000,Antam Official (HF)
104,2026-04-14,Tuesday,2863000,Antam Official (HF)
105,2026-04-15,Wednesday,2893000,Antam Official (HF)
106,2026-04-16,Thursday,2888000,Antam Official (HF)
107,2026-04-17,Friday,2868000,Antam Official (HF)
108,2026-04-18,Saturday,2884000,Antam Official (HF)
109,2026-04-19,Sunday,2884000,Antam Official (HF)
110,2026-04-20,Monday,2840000,Antam Official (HF)
111,2026-04-21,Tuesday,2880000,Antam Official (HF)
112,2026-04-22,Wednesday,2830000,Antam Official (HF)
113,2026-04-23,Thursday,2805000,Antam Official (HF)
114,2026-04-24,Friday,2805000,Antam Official (HF)
115,2026-04-25,Saturday,2825000,Antam Official (HF)
116,2026-04-26,Sunday,2825000,Antam Official (HF)
117,2026-04-27,Monday,2809000,Antam Official (HF)
118,2026-04-28,Tuesday,2814000,Antam Official (HF)
119,2026-04-29,Wednesday,2784000,Antam Official (HF)
120,2026-04-30,Thursday,2769000,Antam Official (HF)
121,2026-05-01,Friday,2799000,Antam Official (HF)
122,2026-05-02,Saturday,2796000,Antam Official (HF)
123,2026-05-03,Sunday,2796000,Antam Official (HF)
124,2026-05-04,Monday,2795000,Antam Official (HF)
125,2026-05-05,Tuesday,2760000,Antam Official (HF)
126,2026-05-06,Wednesday,2823000,Antam Official (HF)
127,2026-05-07,Thursday,2840000,Antam Official (HF)
128,2026-05-08,Friday,2839000,Antam Official (HF)
129,2026-05-09,Saturday,2839000,Antam Official (HF)
130,2026-05-10,Sunday,2839000,Antam Official (HF)
131,2026-05-11,Monday,2819000,Antam Official (HF)
132,2026-05-12,Tuesday,2859000,Antam Official (HF)
133,2026-05-13,Wednesday,2839000,Antam Official (HF)
134,2026-05-14,Thursday,2839000,Antam Official (HF)
135,2026-05-15,Friday,2819000,Antam Official (HF)
136,2026-05-16,Saturday,2769000,Antam Official (HF)
137,2026-05-17,Sunday,2769000,Antam Official (HF)
138,2026-05-18,Monday,2764000,Antam Official (HF)
139,2026-05-19,Tuesday,2789000,Antam Official (HF)
140,2026-05-20,Wednesday,2765000,Antam Official (HF)
141,2026-05-21,Thursday,2800000,Antam Official (HF)
142,2026-05-22,Friday,2788000,Antam Official (HF)
143,2026-05-23,Saturday,2773000,Antam Official (HF)
144,2026-05-24,Sunday,2773000,Antam Official (HF)
145,2026-05-25,Monday,2803000,Antam Official (HF)
146,2026-05-26,Tuesday,2798000,Antam Official (HF)
147,2026-05-27,Wednesday,2785000,Antam Official (HF)
148,2026-05-28,Thursday,2754000,Antam Official (HF)
149,2026-05-29,Friday,2774000,Antam Official (HF)
150,2026-05-30,Saturday,2799000,Antam Official (HF)
151,2026-05-31,Sunday,2799000,Antam Official (HF)
152,2026-06-01,Monday,2799000,Antam Official (HF)
153,2026-06-02,Tuesday,2774000,Antam Official (HF)
154,2026-06-03,Wednesday,2774000,Antam Official (HF)
155,2026-06-04,Thursday,2759000,Antam Official (HF)
156,2026-06-05,Friday,2770000,Antam Official (HF)
157,2026-06-06,Saturday,2738000,Antam Official (HF)
158,2026-06-07,Sunday,2738000,Antam Official (HF)
159,2026-06-08,Monday,2743000,Antam Official (HF)
160,2026-06-09,Tuesday,2733000,Antam Official (HF)
161,2026-06-10,Wednesday,2713000,Antam Official (HF)
162,2026-06-11,Thursday,2689000,Antam Official (HF)
163,2026-06-12,Friday,2709000,Antam Official (HF)
164,2026-06-13,Saturday,2711000,Antam Official (HF)
165,2026-06-14,Sunday,2711000,Antam Official (HF)
166,2026-06-15,Monday,2729000,Antam Official (HF)
167,2026-06-16,Tuesday,2729000,Antam Official (HF)
168,2026-06-17,Wednesday,2733000,Antam Official (HF)
169,2026-06-18,Thursday,2703000,Antam Official (HF)
170,2026-06-19,Friday,2673000,Antam Official (HF)
171,2026-06-20,Saturday,2668000,Antam Official (HF)
172,2026-06-21,Sunday,2668000,Antam Official (HF)
173,2026-06-22,Monday,2668000,Antam Official (HF)
174,2026-06-23,Tuesday,2673000,Antam Official (HF)
175,2026-06-24,Wednesday,2655000,Antam Official (HF)
176,2026-06-25,Thursday,2655000,Antam Official (HF)
177,2026-06-26,Friday,2655000,Antam Official (HF)
178,2026-06-27,Saturday,2660000,Antam Official (HF)
179,2026-06-28,Sunday,2660000,Antam Official (HF)
180,2026-06-29,Monday,2645000,Antam Official (HF)
181,2026-06-30,Tuesday,2630000,Antam Official (HF)
182,2026-07-01,Wednesday,2625000,Antam Official (HF)
183,2026-07-02,Thursday,2640000,Antam Official (HF)
184,2026-07-03,Friday,2651000,Antam Official (HF)
185,2026-07-04,Saturday,2670000,Antam Official (HF)
186,2026-07-05,Sunday,2670000,Antam Official (HF)
187,2026-07-06,Monday,2670000,Antam Official (HF)
188,2026-07-07,Tuesday,2655000,Antam Official (HF)
189,2026-07-08,Wednesday,2641000,Antam Official (HF)
190,2026-07-09,Thursday,2633000,Antam Official (HF)
191,2026-07-10,Friday,2650000,Antam Official (HF)
192,2026-07-11,Saturday,2655000,Antam Official (HF)
193,2026-07-12,Sunday,2655000,Antam Official (HF)
194,2026-07-13,Monday,2635000,Antam Official (HF)
195,2026-07-14,Tuesday,2615000,Antam Official (HF)
196,2026-07-15,Wednesday,2635000,Antam Official (HF)
197,2026-07-16,Thursday,2633000,Antam Official (HF)
198,2026-07-17,Friday,2606000,Antam Official (HF)
199,2026-07-18,Saturday,2614000,Antam Official (HF)
200,2026-07-19,Sunday,2614000,Antam Official (HF)
201,2026-07-20,Monday,2610000,Antam Official (HF)
202,2026-07-21,Tuesday,2632000,Antam Official (HF)
203,2026-07-22,Wednesday,2635000,Antam Official (HF)
204,2026-07-23,Thursday,2640000,Antam Official (HF)
205,2026-07-24,Friday,2605000,Antam Official (HF)
206,2026-07-25,Saturday,2612000,Antam Official (HF)
207,2026-07-26,Sunday,2612000,Antam Official (HF)
208,2026-07-27,Monday,2622000,Antam Official (HF)
209,2026-07-28,Tuesday,2613000,Antam Official (HF)
210,2026-07-29,Wednesday,2601000,Antam Official (HF)
211,2026-07-30,Thursday,2616000,Antam Official (HF)
212,2026-07-31,Friday,2623000,Antam Official (HF)
213,2026-08-01,Saturday,2603000,Antam Official (HF)
214,2026-08-02,Sunday,2603000,Antam Official (HF)
215,2026-08-03,Monday,2610000,Antam Official (HF)
216,2026-08-04,Tuesday,2603000,Antam Official (HF)
217,2026-08-05,Wednesday,2629000,Antam Official (HF)
218,2026-08-06,Thursday,2679000,Antam Official (HF)
219,2026-08-07,Friday,2650000,Antam Official (HF)
220,2026-08-08,Saturday,2690000,Antam Official (HF)
221,2026-08-09,Sunday,2690000,Antam Official (HF)
222,2026-08-10,Monday,2690000,Antam Official (HF)
223,2026-08-11,Tuesday,2710000,Antam Official (HF)
224,2026-08-12,Wednesday,2680000,Antam Official (HF)
225,2026-08-13,Thursday,2700000,Antam Official (HF)
226,2026-08-14,Friday,2664000,Antam Official (HF)
227,2026-08-15,Saturday,2675000,Antam Official (API)
228,2026-08-16,Sunday,2675000,Antam Official (API)
229,2026-08-17,Monday,2677000,Antam Official (API)
230,2026-08-18,Tuesday,2695000,Antam Official (API)
231,2026-08-19,Wednesday,2645000,Antam Official (API)
232,2026-08-20,Thursday,2725000,Antam Official (API)
233,2026-08-21,Friday,2725000,Antam Official (API)
234,2026-08-22,Saturday,2740000,Antam Official (API)
235,2026-08-23,Sunday,2740000,Antam Official (API)
236,2026-08-24,Monday,2750000,Antam Official (API)
237,2026-08-25,Tuesday,2768000,Antam Official (API)
238,2026-08-26,Wednesday,2750000,Antam Official (API)
239,2026-08-27,Thursday,2723000,Antam Official (API)
240,2026-08-28,Friday,2718000,Antam Official (API)
241,2026-08-29,Saturday,2670000,Antam Official (API)
242,2026-08-30,Sunday,2670000,Antam Official (API)
243,2026-08-31,Monday,2670000,Antam Official (API)
244,2026-09-01,Tuesday,2664000,Antam Official (API)
245,2026-09-02,Wednesday,2624000,Antam Official (API)
246,2026-09-03,Thursday,2639000,Antam Official (API)
247,2026-09-04,Friday,2670000,Antam Official (API)
248,2026-09-05,Saturday,2640000,Antam Official (API)
249,2026-09-06,Sunday,2640000,Antam Official (API)
250,2026-09-07,Monday,2637000,Antam Official (API)
251,2026-09-08,Tuesday,2627000,Antam Official (API)
252,2026-09-09,Wednesday,2610000,Antam Official (API)
253,2026-09-10,Thursday,2625000,Antam Official (API)
254,2026-09-11,Friday,2600000,Antam Official (API)
255,2026-09-12,Saturday,2604000,Antam Official (API)
256,2026-09-13,Sunday,2604000,Antam Official (API)
257,2026-09-14,Monday,2602000,Antam Official (API)
258,2026-09-15,Tuesday,2592000,Antam Official (API)
259,2026-09-16,Wednesday,2593000,Antam Official (API)
260,2026-09-17,Thursday,2598000,Antam Official (API)
261,2026-09-18,Friday,2598000,Antam Official (API)
262,2026-09-19,Saturday,2623000,Antam Official (API)
263,2026-09-20,Sunday,2638000,Antam Official (API)
264,2026-09-21,Monday,2628000,Antam Official (API)
265,2026-09-22,Tuesday,2628000,Antam Official (API)
266,2026-09-23,Wednesday,2627000,Antam Official (API)
267,2026-09-24,Thursday,2630000,Antam Official (API)
268,2026-09-25,Friday,2605000,Antam Official (API)
269,2026-09-26,Saturday,2590000,Antam Official (API)
270,2026-09-27,Sunday,2613000,Antam Official (API)
271,2026-09-28,Monday,2613000,Antam Official (API)
