iteration,loss,grad_norm
1,7.76896,144.431
2,4.63728,88.1022
3,3.43943,54.2869
4,2.95369,34.2764
5,2.73123,22.8138
6,2.60712,16.6368
7,2.52071,13.5676
8,2.44967,12.1227
9,2.38574,11.4179
10,2.32584,11.0195
11,2.26876,10.7427
12,2.21404,10.5146
13,2.16143,10.3071
14,2.11081,10.1097
15,2.06209,9.9183
16,2.01518,9.7314
17,1.97003,9.54835
18,1.92655,9.36888
19,1.88469,9.19285
20,1.84439,9.02017
21,1.80559,8.85077
22,1.76824,8.68457
23,1.73227,8.5215
24,1.69764,8.36153
25,1.6643,8.20459
26,1.6322,8.0506
27,1.60129,7.89955
28,1.57153,7.75134
29,1.54287,7.60594
30,1.51528,7.4633
31,1.48872,7.32336
32,1.46314,7.18606
33,1.43851,7.05138
34,1.4148,6.91923
35,1.39197,6.7896
36,1.36998,6.66242
37,1.34881,6.53765
38,1.32843,6.41526
39,1.3088,6.29518
40,1.2899,6.17738
41,1.27169,6.06182
42,1.25417,5.94846
43,1.23729,5.83723
44,1.22104,5.72813
45,1.20539,5.6211
46,1.19032,5.51609
47,1.1758,5.4131
48,1.16182,5.31206
49,1.14836,5.21295
50,1.1354,5.1157
51,1.12292,5.02031
52,1.11089,4.92674
53,1.09931,4.83496
54,1.08816,4.74493
55,1.07742,4.65661
56,1.06707,4.56998
57,1.05711,4.48499
58,1.04751,4.40163
59,1.03827,4.31987
60,1.02936,4.23966
61,1.02079,4.16099
62,1.01253,4.08383
63,1.00457,4.00814
64,0.996902,3.9339
65,0.989517,3.86108
66,0.982403,3.78966
67,0.975549,3.71961
68,0.968946,3.6509
69,0.962584,3.58352
70,0.956455,3.51743
71,0.95055,3.45261
72,0.94486,3.38904
73,0.939377,3.32669
74,0.934094,3.26554
75,0.929004,3.20558
76,0.924098,3.14677
77,0.91937,3.08911
78,0.914814,3.03255
79,0.910423,2.97709
80,0.906191,2.9227
81,0.902112,2.86938
82,0.89818,2.81709
83,0.89439,2.76582
84,0.890736,2.71553
85,0.887214,2.66624
86,0.883818,2.6179
87,0.880545,2.57051
88,0.877388,2.52405
89,0.874344,2.47849
90,0.871409,2.43383
91,0.868578,2.39005
92,0.865849,2.34713
93,0.863216,2.30505
94,0.860676,2.2638
95,0.858227,2.22337
96,0.855864,2.18374
97,0.853584,2.1449
98,0.851384,2.10682
99,0.849261,2.06951
100,0.847213,2.03293
101,0.845237,1.9971
102,0.843329,1.96197
103,0.841487,1.92755
104,0.83971,1.89382
105,0.837994,1.86077
106,0.836337,1.82838
107,0.834737,1.79666
108,0.833191,1.76557
109,0.831699,1.73512
110,0.830258,1.70529
111,0.828865,1.67607
112,0.827519,1.64744
113,0.826219,1.61941
114,0.824963,1.59194
115,0.823749,1.56505
116,0.822575,1.53872
117,0.82144,1.51293
118,0.820342,1.48768
119,0.819281,1.46295
120,0.818255,1.43875
121,0.817262,1.41506
122,0.816301,1.39186
123,0.815371,1.36915
124,0.814471,1.34692
125,0.8136,1.32518
126,0.812757,1.3039
127,0.811941,1.28307
128,0.81115,1.26269
129,0.810384,1.24276
130,0.809641,1.22326
131,0.808922,1.20418
132,0.808225,1.18552
133,0.807548,1.16728
134,0.806893,1.14943
135,0.806257,1.13198
136,0.80564,1.11493
137,0.805042,1.09824
138,0.804461,1.08194
139,0.803897,1.066
140,0.803349,1.05044
141,0.802817,1.03522
142,0.8023,1.02036
143,0.801798,1.00583
144,0.80131,0.991641
145,0.800835,0.977788
146,0.800373,0.964247
147,0.799924,0.951038
148,0.799487,0.938132
149,0.799061,0.925531
150,0.798647,0.913243
151,0.798244,0.901233
152,0.797851,0.889525
153,0.797468,0.878097
154,0.797094,0.866943
155,0.79673,0.856073
156,0.796375,0.845463
157,0.796028,0.835121
158,0.79569,0.825032
159,0.79536,0.815201
160,0.795037,0.805608
161,0.794722,0.796274
162,0.794414,0.787164
163,0.794112,0.778293
164,0.793818,0.769651
165,0.79353,0.761224
166,0.793248,0.75302
167,0.792972,0.745033
168,0.792701,0.737259
169,0.792436,0.729691
170,0.792177,0.722314
171,0.791922,0.715141
172,0.791673,0.708155
173,0.791428,0.701362
174,0.791188,0.694751
175,0.790952,0.688321
176,0.79072,0.682065
177,0.790493,0.675986
178,0.790269,0.670073
179,0.79005,0.664316
180,0.789834,0.658727
181,0.789621,0.653293
182,0.789412,0.64801
183,0.789206,0.642872
184,0.789004,0.63789
185,0.788804,0.633038
186,0.788607,0.628335
187,0.788413,0.623758
188,0.788222,0.619314
189,0.788034,0.614996
190,0.787848,0.610805
191,0.787664,0.606733
192,0.787483,0.602781
193,0.787305,0.598949
194,0.787128,0.595219
195,0.786953,0.591598
196,0.786781,0.588098
197,0.786611,0.584687
198,0.786442,0.581381
199,0.786275,0.578168
200,0.78611,0.575057
201,0.785947,0.572042
202,0.785786,0.569095
203,0.785626,0.566252
204,0.785467,0.563487
205,0.785311,0.560808
206,0.785155,0.558209
207,0.785001,0.555689
208,0.784848,0.553232
209,0.784697,0.550865
210,0.784547,0.548558
211,0.784398,0.546323
212,0.78425,0.544149
213,0.784104,0.542046
214,0.783958,0.539994
215,0.783814,0.538015
216,0.78367,0.536079
217,0.783528,0.534217
218,0.783386,0.532408
219,0.783246,0.530647
220,0.783106,0.528941
221,0.782967,0.52728
222,0.782829,0.525662
223,0.782692,0.5241
224,0.782556,0.52258
225,0.78242,0.521103
226,0.782285,0.519673
227,0.782151,0.518283
228,0.782018,0.516928
229,0.781885,0.515616
230,0.781753,0.514341
231,0.781621,0.513095
232,0.78149,0.511889
233,0.78136,0.510718
234,0.78123,0.509576
235,0.781101,0.508459
236,0.780973,0.507385
237,0.780845,0.506336
238,0.780717,0.505311
239,0.78059,0.504316
240,0.780464,0.50334
241,0.780337,0.5024
242,0.780212,0.501486
243,0.780087,0.500587
244,0.779962,0.49972
245,0.779838,0.498867
246,0.779714,0.498039
247,0.77959,0.497233
248,0.779467,0.49644
249,0.779344,0.495674
250,0.779222,0.494924
251,0.7791,0.494194
252,0.778978,0.493477
253,0.778857,0.492781
254,0.778736,0.492087
255,0.778615,0.49143
256,0.778495,0.490776
257,0.778375,0.490139
258,0.778255,0.489517
259,0.778136,0.488907
260,0.778016,0.488307
261,0.777898,0.487727
262,0.777779,0.487152
263,0.777661,0.486592
264,0.777543,0.486046
265,0.777425,0.485504
266,0.777307,0.484979
267,0.77719,0.484459
268,0.777073,0.48395
269,0.776956,0.483456
270,0.77684,0.482964
271,0.776723,0.482481
272,0.776607,0.482003
273,0.776491,0.481548
274,0.776376,0.48109
275,0.77626,0.48064
276,0.776145,0.480197
277,0.77603,0.47977
278,0.775915,0.479344
279,0.7758,0.478915
280,0.775686,0.478501
281,0.775572,0.478097
282,0.775458,0.477691
283,0.775344,0.477296
284,0.77523,0.476902
285,0.775117,0.476519
286,0.775003,0.476139
287,0.77489,0.475767
288,0.774777,0.475393
289,0.774664,0.475026
290,0.774552,0.474663
291,0.774439,0.474305
292,0.774327,0.473951
293,0.774215,0.473601
294,0.774103,0.473254
295,0.773991,0.472912
296,0.77388,0.472574
297,0.773768,0.47224
298,0.773657,0.471909
299,0.773546,0.471576
300,0.773435,0.471252
301,0.773324,0.47093
302,0.773213,0.470613
303,0.773103,0.470293
304,0.772992,0.469984
305,0.772882,0.469669
306,0.772772,0.469361
307,0.772662,0.469051
308,0.772552,0.468749
309,0.772442,0.468448
310,0.772333,0.468146
311,0.772223,0.467846
312,0.772114,0.467554
313,0.772005,0.46726
314,0.771896,0.466973
315,0.771787,0.466682
316,0.771678,0.466386
317,0.77157,0.4661
318,0.771461,0.465817
319,0.771353,0.465538
320,0.771245,0.46525
321,0.771137,0.464972
322,0.771029,0.464699
323,0.770921,0.464415
324,0.770813,0.46414
325,0.770706,0.463867
326,0.770598,0.463592
327,0.770491,0.463321
328,0.770384,0.463054
329,0.770277,0.462782
330,0.77017,0.462509
331,0.770063,0.462244
332,0.769956,0.461974
333,0.76985,0.461709
334,0.769743,0.461446
335,0.769637,0.461183
336,0.769531,0.460916
337,0.769425,0.460658
338,0.769319,0.4604
339,0.769213,0.460136
340,0.769107,0.459876
341,0.769002,0.459615
342,0.768896,0.459357
343,0.768791,0.459102
344,0.768686,0.458844
345,0.768581,0.458596
346,0.768476,0.458332
347,0.768371,0.458087
348,0.768266,0.457834
349,0.768161,0.457574
350,0.768057,0.457323
351,0.767952,0.457075
352,0.767848,0.456824
353,0.767744,0.456565
354,0.76764,0.45632
355,0.767536,0.456069
356,0.767432,0.455817
357,0.767328,0.455568
358,0.767224,0.455325
359,0.767121,0.455071
360,0.767018,0.454827
361,0.766914,0.454578
362,0.766811,0.454327
363,0.766708,0.454089
364,0.766605,0.45384
365,0.766502,0.453592
366,0.766399,0.453348
367,0.766297,0.453113
368,0.766194,0.452865
369,0.766092,0.452618
370,0.76599,0.452376
371,0.765887,0.452135
372,0.765785,0.451896
373,0.765683,0.451646
374,0.765582,0.451406
375,0.76548,0.451158
376,0.765378,0.450925
377,0.765277,0.450681
378,0.765175,0.450441
379,0.765074,0.450203
380,0.764973,0.449956
381,0.764872,0.449718
382,0.764771,0.449483
383,0.76467,0.449239
384,0.764569,0.449007
385,0.764468,0.448764
386,0.764368,0.448524
387,0.764267,0.448291
388,0.764167,0.448046
389,0.764067,0.447812
390,0.763967,0.447573
391,0.763867,0.447335
392,0.763767,0.447101
393,0.763667,0.446857
394,0.763567,0.446628
395,0.763467,0.446391
396,0.763368,0.446149
397,0.763269,0.44592
398,0.763169,0.44569
399,0.76307,0.445448
400,0.762971,0.445212
401,0.762872,0.444975
402,0.762773,0.444742
403,0.762674,0.444498
404,0.762576,0.44427
405,0.762477,0.44404
406,0.762379,0.443804
407,0.76228,0.443571
408,0.762182,0.443343
409,0.762084,0.443103
410,0.761986,0.442873
411,0.761888,0.442637
412,0.76179,0.442406
413,0.761692,0.442169
414,0.761595,0.441937
415,0.761497,0.441707
416,0.7614,0.441472
417,0.761303,0.441246
418,0.761205,0.441006
419,0.761108,0.440779
420,0.761011,0.440546
421,0.760914,0.440316
422,0.760817,0.440084
423,0.760721,0.439855
424,0.760624,0.439619
425,0.760528,0.439389
426,0.760431,0.439164
427,0.760335,0.438936
428,0.760239,0.438701
429,0.760143,0.438473
430,0.760047,0.438247
431,0.759951,0.438013
432,0.759855,0.437777
433,0.759759,0.437546
434,0.759664,0.437322
435,0.759568,0.437098
436,0.759473,0.436869
437,0.759377,0.436637
438,0.759282,0.436412
439,0.759187,0.436175
440,0.759092,0.435949
441,0.758997,0.435723
442,0.758902,0.435498
443,0.758808,0.435267
444,0.758713,0.435043
445,0.758619,0.434811
446,0.758524,0.434592
447,0.75843,0.434357
448,0.758336,0.434133
449,0.758242,0.433906
450,0.758148,0.433678
451,0.758054,0.433449
452,0.75796,0.433226
453,0.757866,0.433
454,0.757772,0.432775
455,0.757679,0.432549
456,0.757585,0.432328
457,0.757492,0.432098
458,0.757399,0.43187
459,0.757306,0.431638
460,0.757213,0.431419
461,0.75712,0.431192
462,0.757027,0.430971
463,0.756934,0.43074
464,0.756842,0.430523
465,0.756749,0.430294
466,0.756657,0.430074
467,0.756564,0.429846
468,0.756472,0.429621
469,0.75638,0.429401
470,0.756288,0.429178
471,0.756196,0.428945
472,0.756104,0.42873
473,0.756012,0.428505
474,0.75592,0.428285
475,0.755829,0.428055
476,0.755737,0.427835
477,0.755646,0.427609
478,0.755555,0.427389
479,0.755463,0.427167
480,0.755372,0.426945
481,0.755281,0.426719
482,0.75519,0.426499
483,0.755099,0.426274
484,0.755009,0.426058
485,0.754918,0.425833
486,0.754828,0.425609
487,0.754737,0.425389
488,0.754647,0.425162
489,0.754556,0.42495
490,0.754466,0.424726
491,0.754376,0.424508
492,0.754286,0.424284
493,0.754196,0.424063
494,0.754107,0.423841
495,0.754017,0.42362
496,0.753927,0.4234
497,0.753838,0.42318
498,0.753748,0.42296
499,0.753659,0.422743
500,0.75357,0.422522
501,0.753481,0.422302
502,0.753391,0.422082
503,0.753303,0.421864
504,0.753214,0.421644
505,0.753125,0.421425
506,0.753036,0.421203
507,0.752948,0.420988
508,0.752859,0.420771
509,0.752771,0.420549
510,0.752682,0.42033
511,0.752594,0.420109
512,0.752506,0.419892
513,0.752418,0.419675
514,0.75233,0.419461
515,0.752242,0.419245
516,0.752154,0.419019
517,0.752067,0.418808
518,0.751979,0.418592
519,0.751892,0.418376
520,0.751804,0.418156
521,0.751717,0.417941
522,0.75163,0.417721
523,0.751543,0.417507
524,0.751456,0.41729
525,0.751369,0.417069
526,0.751282,0.416856
527,0.751195,0.416641
528,0.751108,0.416421
529,0.751022,0.41621
530,0.750935,0.415994
531,0.750849,0.41578
532,0.750762,0.41556
533,0.750676,0.415349
534,0.75059,0.415131
535,0.750504,0.414918
536,0.750418,0.414703
537,0.750332,0.414488
538,0.750246,0.414275
539,0.750161,0.414057
540,0.750075,0.413845
541,0.74999,0.413626
542,0.749904,0.413416
543,0.749819,0.413197
544,0.749734,0.412984
545,0.749648,0.412773
546,0.749563,0.412558
547,0.749478,0.412343
548,0.749393,0.412135
549,0.749309,0.411915
550,0.749224,0.411708
551,0.749139,0.41149
552,0.749055,0.411281
553,0.74897,0.41107
554,0.748886,0.41085
555,0.748801,0.410639
556,0.748717,0.410426
557,0.748633,0.410217
558,0.748549,0.41
559,0.748465,0.409793
560,0.748381,0.40958
561,0.748298,0.409369
562,0.748214,0.409156
563,0.74813,0.408949
564,0.748047,0.408727
565,0.747963,0.408523
566,0.74788,0.408308
567,0.747797,0.408094
568,0.747714,0.407885
569,0.747631,0.40768
570,0.747548,0.407467
571,0.747465,0.407262
572,0.747382,0.407052
573,0.747299,0.406835
574,0.747216,0.406626
575,0.747134,0.406417
576,0.747051,0.406203
577,0.746969,0.405997
578,0.746887,0.405788
579,0.746804,0.405582
580,0.746722,0.405369
581,0.74664,0.405159
582,0.746558,0.404952
583,0.746476,0.404744
584,0.746395,0.404534
585,0.746313,0.404326
586,0.746231,0.404112
587,0.74615,0.403898
588,0.746068,0.403704
589,0.745987,0.403486
590,0.745906,0.403279
591,0.745824,0.403072
592,0.745743,0.402867
593,0.745662,0.40266
594,0.745581,0.402445
595,0.7455,0.402247
596,0.74542,0.402034
597,0.745339,0.401827
598,0.745258,0.401618
599,0.745178,0.40142
600,0.745097,0.401213
601,0.745017,0.401003
602,0.744936,0.400792
603,0.744856,0.400587
604,0.744776,0.400382
605,0.744696,0.400181
606,0.744616,0.399971
607,0.744536,0.399765
608,0.744456,0.399559
609,0.744377,0.399348
610,0.744297,0.399146
611,0.744218,0.398941
612,0.744138,0.398735
613,0.744059,0.398533
614,0.743979,0.398326
615,0.7439,0.398123
616,0.743821,0.397917
617,0.743742,0.397712
618,0.743663,0.397504
619,0.743584,0.3973
620,0.743505,0.3971
621,0.743426,0.396898
622,0.743348,0.396689
623,0.743269,0.396489
624,0.743191,0.396282
625,0.743112,0.396078
626,0.743034,0.395871
627,0.742956,0.395669
628,0.742878,0.395474
629,0.742799,0.395264
630,0.742721,0.395063
631,0.742643,0.394856
632,0.742566,0.39466
633,0.742488,0.39445
634,0.74241,0.394254
635,0.742333,0.394049
636,0.742255,0.393845
637,0.742178,0.393646
638,0.7421,0.393443
639,0.742023,0.393242
640,0.741946,0.393036
641,0.741868,0.392835
642,0.741791,0.392638
643,0.741714,0.392429
644,0.741638,0.392228
645,0.741561,0.392034
646,0.741484,0.391826
647,0.741407,0.391628
648,0.741331,0.391427
649,0.741254,0.391227
650,0.741178,0.391025
651,0.741101,0.390824
652,0.741025,0.390623
653,0.740949,0.390425
654,0.740873,0.39023
655,0.740797,0.39003
656,0.740721,0.389821
657,0.740645,0.38963
658,0.740569,0.389421
659,0.740493,0.389224
660,0.740418,0.389025
661,0.740342,0.388827
662,0.740267,0.388628
663,0.740191,0.388426
664,0.740116,0.388226
665,0.740041,0.388028
666,0.739965,0.387827
667,0.73989,0.387633
668,0.739815,0.387437
669,0.73974,0.387233
670,0.739665,0.387037
671,0.739591,0.386836
672,0.739516,0.386641
673,0.739441,0.386445
674,0.739367,0.386242
675,0.739292,0.386044
676,0.739218,0.38585
677,0.739143,0.385651
678,0.739069,0.38546
679,0.738995,0.385252
680,0.738921,0.385058
681,0.738847,0.384867
682,0.738773,0.384667
683,0.738699,0.384471
684,0.738625,0.384277
685,0.738551,0.384071
686,0.738478,0.383885
687,0.738404,0.383685
688,0.738331,0.38349
689,0.738257,0.383292
690,0.738184,0.383103
691,0.738111,0.382899
692,0.738037,0.382703
693,0.737964,0.382511
694,0.737891,0.382318
695,0.737818,0.382116
696,0.737745,0.381918
697,0.737672,0.381728
698,0.7376,0.381529
699,0.737527,0.381339
700,0.737454,0.381142
701,0.737382,0.380953
702,0.737309,0.380759
703,0.737237,0.380559
704,0.737165,0.38036
705,0.737092,0.380168
706,0.73702,0.379976
707,0.736948,0.379784
708,0.736876,0.37959
709,0.736804,0.379392
710,0.736732,0.379205
711,0.73666,0.379011
712,0.736589,0.378818
713,0.736517,0.378623
714,0.736445,0.378431
715,0.736374,0.378238
716,0.736303,0.378051
717,0.736231,0.377851
718,0.73616,0.377659
719,0.736089,0.377467
720,0.736017,0.377269
721,0.735946,0.37708
722,0.735875,0.376888
723,0.735804,0.376696
724,0.735734,0.376502
725,0.735663,0.376318
726,0.735592,0.376119
727,0.735521,0.375927
728,0.735451,0.375739
729,0.73538,0.375546
730,0.73531,0.37536
731,0.73524,0.37517
732,0.735169,0.374973
733,0.735099,0.374783
734,0.735029,0.374597
735,0.734959,0.374401
736,0.734889,0.374206
737,0.734819,0.374021
738,0.734749,0.373833
739,0.734679,0.373643
740,0.73461,0.373449
741,0.73454,0.373261
742,0.73447,0.373074
743,0.734401,0.372882
744,0.734331,0.37269
745,0.734262,0.372503
746,0.734193,0.372316
747,0.734124,0.372121
748,0.734054,0.371932
749,0.733985,0.371749
750,0.733916,0.371557
751,0.733847,0.371367
752,0.733779,0.371175
753,0.73371,0.370991
754,0.733641,0.370798
755,0.733572,0.370617
756,0.733504,0.370427
757,0.733435,0.370234
758,0.733367,0.37005
759,0.733298,0.369861
760,0.73323,0.369675
761,0.733162,0.369487
762,0.733094,0.369299
763,0.733026,0.36911
764,0.732958,0.368924
765,0.73289,0.368738
766,0.732822,0.36855
767,0.732754,0.368363
768,0.732686,0.368172
769,0.732618,0.367993
770,0.732551,0.367801
771,0.732483,0.367617
772,0.732416,0.36743
773,0.732348,0.367246
774,0.732281,0.367052
775,0.732214,0.366868
776,0.732146,0.366688
777,0.732079,0.366492
778,0.732012,0.366311
779,0.731945,0.366123
780,0.731878,0.365942
781,0.731811,0.365758
782,0.731745,0.365572
783,0.731678,0.365392
784,0.731611,0.3652
785,0.731545,0.365019
786,0.731478,0.364829
787,0.731412,0.364641
788,0.731345,0.364464
789,0.731279,0.364278
790,0.731213,0.364089
791,0.731146,0.363908
792,0.73108,0.363726
793,0.731014,0.363539
794,0.730948,0.36336
795,0.730882,0.363166
796,0.730816,0.36299
797,0.730751,0.362803
798,0.730685,0.362621
799,0.730619,0.362439
800,0.730554,0.362253
801,0.730488,0.362075
802,0.730423,0.361881
803,0.730357,0.361699
804,0.730292,0.361521
805,0.730227,0.361336
806,0.730161,0.361157
807,0.730096,0.360972
808,0.730031,0.360789
809,0.729966,0.360606
810,0.729901,0.360421
811,0.729836,0.360245
812,0.729772,0.360064
813,0.729707,0.359876
814,0.729642,0.359698
815,0.729578,0.359521
816,0.729513,0.359336
817,0.729449,0.35915
818,0.729384,0.358976
819,0.72932,0.358793
820,0.729256,0.358608
821,0.729191,0.358427
822,0.729127,0.358247
823,0.729063,0.358066
824,0.728999,0.357884
825,0.728935,0.357704
826,0.728871,0.357522
827,0.728807,0.357339
828,0.728744,0.357166
829,0.72868,0.356989
830,0.728616,0.356797
831,0.728553,0.356625
832,0.728489,0.356445
833,0.728426,0.356268
834,0.728362,0.356088
835,0.728299,0.355909
836,0.728236,0.355726
837,0.728173,0.355545
838,0.728109,0.355366
839,0.728046,0.355188
840,0.727983,0.355008
841,0.72792,0.354833
842,0.727858,0.35465
843,0.727795,0.354469
844,0.727732,0.354295
845,0.727669,0.354116
846,0.727607,0.353935
847,0.727544,0.353765
848,0.727482,0.353581
849,0.727419,0.353402
850,0.727357,0.353225
851,0.727295,0.353048
852,0.727232,0.352871
853,0.72717,0.352692
854,0.727108,0.352516
855,0.727046,0.352341
856,0.726984,0.352164
857,0.726922,0.351983
858,0.72686,0.351811
859,0.726798,0.35163
860,0.726737,0.351446
861,0.726675,0.351275
862,0.726613,0.351098
863,0.726552,0.350919
864,0.72649,0.350745
865,0.726429,0.350571
866,0.726367,0.350393
867,0.726306,0.350215
868,0.726245,0.350039
869,0.726184,0.349868
870,0.726123,0.349685
871,0.726062,0.349514
872,0.726001,0.349336
873,0.72594,0.349165
874,0.725879,0.348993
875,0.725818,0.348815
876,0.725757,0.348638
877,0.725696,0.348465
878,0.725636,0.348285
879,0.725575,0.348107
880,0.725515,0.347938
881,0.725454,0.347762
882,0.725394,0.34759
883,0.725334,0.347414
884,0.725273,0.347241
885,0.725213,0.347067
886,0.725153,0.346896
887,0.725093,0.346715
888,0.725033,0.346544
889,0.724973,0.346371
890,0.724913,0.3462
891,0.724853,0.346017
892,0.724793,0.345853
893,0.724734,0.345678
894,0.724674,0.345502
895,0.724614,0.345332
896,0.724555,0.345153
897,0.724495,0.344983
898,0.724436,0.344808
899,0.724376,0.344636
900,0.724317,0.344462
901,0.724258,0.34429
902,0.724199,0.344119
903,0.724139,0.343947
904,0.72408,0.343776
905,0.724021,0.343601
906,0.723962,0.343432
907,0.723904,0.343256
908,0.723845,0.343089
909,0.723786,0.342912
910,0.723727,0.342743
911,0.723669,0.34257
912,0.72361,0.342405
913,0.723551,0.342229
914,0.723493,0.342057
915,0.723434,0.341885
916,0.723376,0.341717
917,0.723318,0.341542
918,0.72326,0.341376
919,0.723201,0.341201
920,0.723143,0.341036
921,0.723085,0.340859
922,0.723027,0.340692
923,0.722969,0.340522
924,0.722911,0.340354
925,0.722853,0.340181
926,0.722796,0.340014
927,0.722738,0.339837
928,0.72268,0.339673
929,0.722623,0.339506
930,0.722565,0.339333
931,0.722508,0.339163
932,0.72245,0.33899
933,0.722393,0.338822
934,0.722335,0.338653
935,0.722278,0.338489
936,0.722221,0.338322
937,0.722164,0.33815
938,0.722107,0.337975
939,0.72205,0.337812
940,0.721993,0.337652
941,0.721936,0.33747
942,0.721879,0.337303
943,0.721822,0.337142
944,0.721765,0.33697
945,0.721708,0.3368
946,0.721652,0.336629
947,0.721595,0.336462
948,0.721539,0.336296
949,0.721482,0.336129
950,0.721426,0.335958
951,0.721369,0.335796
952,0.721313,0.335629
953,0.721257,0.335462
954,0.721201,0.335295
955,0.721145,0.335125
956,0.721088,0.334956
957,0.721032,0.334792
958,0.720976,0.334631
959,0.720921,0.334464
960,0.720865,0.334293
961,0.720809,0.334133
962,0.720753,0.333959
963,0.720697,0.33379
964,0.720642,0.333629
965,0.720586,0.333458
966,0.720531,0.333296
967,0.720475,0.333128
968,0.72042,0.332964
969,0.720364,0.332795
970,0.720309,0.332634
971,0.720254,0.332465
972,0.720199,0.3323
973,0.720144,0.332133
974,0.720088,0.331973
975,0.720033,0.331803
976,0.719978,0.331638
977,0.719924,0.331474
978,0.719869,0.331312
979,0.719814,0.331151
980,0.719759,0.330985
981,0.719704,0.330817
982,0.71965,0.330652
983,0.719595,0.330488
984,0.719541,0.330325
985,0.719486,0.330165
986,0.719432,0.329994
987,0.719377,0.32983
988,0.719323,0.329668
989,0.719269,0.329503
990,0.719214,0.329342
991,0.71916,0.329178
992,0.719106,0.329017
993,0.719052,0.328847
994,0.718998,0.328693
995,0.718944,0.328521
996,0.71889,0.32836
997,0.718836,0.328196
998,0.718783,0.328037
999,0.718729,0.327876
1000,0.718675,0.327705
1001,0.718622,0.327554
1002,0.718568,0.327387
1003,0.718514,0.327222
1004,0.718461,0.327061
1005,0.718408,0.326899
1006,0.718354,0.326733
1007,0.718301,0.326576
1008,0.718248,0.326418
1009,0.718194,0.32625
1010,0.718141,0.326093
1011,0.718088,0.325928
1012,0.718035,0.32577
1013,0.717982,0.325606
1014,0.717929,0.325445
1015,0.717876,0.325286
1016,0.717823,0.325124
1017,0.717771,0.324964
1018,0.717718,0.324799
1019,0.717665,0.324636
1020,0.717613,0.324485
1021,0.71756,0.324318
1022,0.717508,0.32415
1023,0.717455,0.324
1024,0.717403,0.323836
1025,0.71735,0.323674
1026,0.717298,0.323516
1027,0.717246,0.323359
1028,0.717193,0.323201
1029,0.717141,0.323044
1030,0.717089,0.322874
1031,0.717037,0.322719
1032,0.716985,0.322554
1033,0.716933,0.322395
1034,0.716881,0.322236
1035,0.716829,0.322083
1036,0.716778,0.32192
1037,0.716726,0.321762
1038,0.716674,0.321601
1039,0.716622,0.321435
1040,0.716571,0.321287
1041,0.716519,0.321125
1042,0.716468,0.320969
1043,0.716416,0.32081
1044,0.716365,0.320646
1045,0.716314,0.32049
1046,0.716262,0.320335
1047,0.716211,0.320182
1048,0.71616,0.320017
1049,0.716109,0.319856
1050,0.716058,0.319701
1051,0.716007,0.319542
1052,0.715956,0.319385
1053,0.715905,0.319229
1054,0.715854,0.31907
1055,0.715803,0.318913
1056,0.715752,0.318756
1057,0.715701,0.3186
1058,0.715651,0.318444
1059,0.7156,0.318281
1060,0.71555,0.318129
1061,0.715499,0.317975
1062,0.715448,0.317812
1063,0.715398,0.317657
1064,0.715348,0.317499
1065,0.715297,0.317347
1066,0.715247,0.317188
1067,0.715197,0.317037
1068,0.715147,0.316873
1069,0.715096,0.316723
1070,0.715046,0.316569
1071,0.714996,0.316414
1072,0.714946,0.316253
1073,0.714896,0.316096
1074,0.714846,0.315941
1075,0.714797,0.315788
1076,0.714747,0.315634
1077,0.714697,0.315475
1078,0.714647,0.315322
1079,0.714598,0.315163
1080,0.714548,0.315015
1081,0.714499,0.314852
1082,0.714449,0.314705
1083,0.7144,0.314544
1084,0.71435,0.314387
1085,0.714301,0.314234
1086,0.714252,0.314081
1087,0.714202,0.313927
1088,0.714153,0.31377
1089,0.714104,0.313616
1090,0.714055,0.313467
1091,0.714006,0.31331
1092,0.713957,0.313162
1093,0.713908,0.313003
1094,0.713859,0.312852
1095,0.71381,0.312694
1096,0.713761,0.312539
1097,0.713712,0.312384
1098,0.713664,0.312232
1099,0.713615,0.312085
1100,0.713566,0.311933
1101,0.713518,0.311775
1102,0.713469,0.311627
1103,0.713421,0.311471
1104,0.713372,0.311318
1105,0.713324,0.311156
1106,0.713275,0.31101
1107,0.713227,0.310858
1108,0.713179,0.310705
1109,0.713131,0.310554
1110,0.713082,0.310401
1111,0.713034,0.310246
1112,0.712986,0.310097
1113,0.712938,0.309947
1114,0.71289,0.309792
1115,0.712842,0.309641
1116,0.712794,0.30949
1117,0.712747,0.309332
1118,0.712699,0.309187
1119,0.712651,0.309033
1120,0.712603,0.308884
1121,0.712556,0.308732
1122,0.712508,0.308574
1123,0.712461,0.308426
1124,0.712413,0.308278
1125,0.712366,0.308121
1126,0.712318,0.307975
1127,0.712271,0.307825
1128,0.712224,0.307678
1129,0.712176,0.307525
1130,0.712129,0.307372
1131,0.712082,0.307224
1132,0.712035,0.307071
1133,0.711988,0.306924
1134,0.711941,0.306774
1135,0.711894,0.30662
1136,0.711847,0.306476
1137,0.7118,0.306327
1138,0.711753,0.306175
1139,0.711706,0.306022
1140,0.711659,0.305877
1141,0.711613,0.305724
1142,0.711566,0.305573
1143,0.711519,0.305427
1144,0.711473,0.305277
1145,0.711426,0.305133
1146,0.71138,0.304972
1147,0.711333,0.304829
1148,0.711287,0.304683
1149,0.71124,0.304527
1150,0.711194,0.304382
1151,0.711148,0.304238
1152,0.711102,0.304089
1153,0.711055,0.303936
1154,0.711009,0.30379
1155,0.710963,0.30364
1156,0.710917,0.303489
1157,0.710871,0.303345
1158,0.710825,0.303196
1159,0.710779,0.303047
1160,0.710733,0.302898
1161,0.710688,0.302754
1162,0.710642,0.302605
1163,0.710596,0.302456
1164,0.71055,0.302311
1165,0.710505,0.302161
1166,0.710459,0.302014
1167,0.710414,0.301867
1168,0.710368,0.301717
1169,0.710323,0.301578
1170,0.710277,0.301425
1171,0.710232,0.301283
1172,0.710187,0.30113
1173,0.710141,0.300987
1174,0.710096,0.300837
1175,0.710051,0.30069
1176,0.710006,0.300547
1177,0.709961,0.300402
1178,0.709916,0.300254
1179,0.709871,0.300107
1180,0.709826,0.29996
1181,0.709781,0.299807
1182,0.709736,0.299675
1183,0.709691,0.299529
1184,0.709646,0.299378
1185,0.709601,0.299232
1186,0.709557,0.299083
1187,0.709512,0.298939
1188,0.709467,0.298799
1189,0.709423,0.298652
1190,0.709378,0.298508
1191,0.709334,0.298364
1192,0.709289,0.298213
1193,0.709245,0.298069
1194,0.7092,0.297926
1195,0.709156,0.297777
1196,0.709112,0.297639
1197,0.709068,0.297492
1198,0.709023,0.297346
1199,0.708979,0.297198
1200,0.708935,0.297054
1201,0.708891,0.296916
1202,0.708847,0.296773
1203,0.708803,0.29662
1204,0.708759,0.296486
1205,0.708715,0.29634
1206,0.708671,0.296193
1207,0.708628,0.296051
1208,0.708584,0.29591
1209,0.70854,0.29576
1210,0.708496,0.295614
1211,0.708453,0.295479
1212,0.708409,0.295332
1213,0.708366,0.295181
1214,0.708322,0.295043
1215,0.708279,0.294898
1216,0.708235,0.294765
1217,0.708192,0.294616
1218,0.708148,0.294477
1219,0.708105,0.29433
1220,0.708062,0.29419
1221,0.708019,0.294044
1222,0.707975,0.293902
1223,0.707932,0.293764
1224,0.707889,0.293615
1225,0.707846,0.293476
1226,0.707803,0.293334
1227,0.70776,0.29319
1228,0.707717,0.29305
1229,0.707674,0.292909
1230,0.707632,0.292766
1231,0.707589,0.292626
1232,0.707546,0.292482
1233,0.707503,0.292345
1234,0.707461,0.292195
1235,0.707418,0.292057
1236,0.707375,0.29191
1237,0.707333,0.291775
1238,0.70729,0.291632
1239,0.707248,0.291494
1240,0.707205,0.291352
1241,0.707163,0.291212
1242,0.707121,0.291068
1243,0.707078,0.290926
1244,0.707036,0.290787
1245,0.706994,0.290649
1246,0.706952,0.290506
1247,0.706909,0.290372
1248,0.706867,0.290226
1249,0.706825,0.290085
1250,0.706783,0.289945
1251,0.706741,0.289805
1252,0.706699,0.289666
1253,0.706657,0.289529
1254,0.706616,0.28939
1255,0.706574,0.289249
1256,0.706532,0.289112
1257,0.70649,0.288969
1258,0.706449,0.288826
1259,0.706407,0.288687
1260,0.706365,0.288548
1261,0.706324,0.28841
1262,0.706282,0.288268
1263,0.706241,0.288133
1264,0.706199,0.287993
1265,0.706158,0.287852
1266,0.706116,0.28771
1267,0.706075,0.287575
1268,0.706034,0.28744
1269,0.705992,0.287298
1270,0.705951,0.28716
1271,0.70591,0.287028
1272,0.705869,0.286885
1273,0.705828,0.286746
1274,0.705787,0.286612
1275,0.705746,0.286469
1276,0.705705,0.286328
1277,0.705664,0.286198
1278,0.705623,0.286055
1279,0.705582,0.285919
1280,0.705541,0.285779
1281,0.7055,0.285642
1282,0.70546,0.285507
1283,0.705419,0.285367
1284,0.705378,0.285227
1285,0.705338,0.285088
1286,0.705297,0.284955
1287,0.705257,0.284819
1288,0.705216,0.284683
1289,0.705176,0.284547
1290,0.705135,0.284409
1291,0.705095,0.284271
1292,0.705054,0.284134
1293,0.705014,0.283998
1294,0.704974,0.283859
1295,0.704934,0.283726
1296,0.704893,0.28359
1297,0.704853,0.283451
1298,0.704813,0.283318
1299,0.704773,0.283182
1300,0.704733,0.283041
1301,0.704693,0.282912
1302,0.704653,0.282767
1303,0.704613,0.28264
1304,0.704573,0.282499
1305,0.704533,0.282361
1306,0.704493,0.28223
1307,0.704454,0.282091
1308,0.704414,0.281957
1309,0.704374,0.281827
1310,0.704335,0.281691
1311,0.704295,0.281554
1312,0.704255,0.281415
1313,0.704216,0.281285
1314,0.704176,0.281143
1315,0.704137,0.281013
1316,0.704097,0.280876
1317,0.704058,0.280743
1318,0.704019,0.280608
1319,0.703979,0.280475
1320,0.70394,0.280335
1321,0.703901,0.280201
1322,0.703862,0.280064
1323,0.703822,0.279935
1324,0.703783,0.279806
1325,0.703744,0.279669
1326,0.703705,0.279535
1327,0.703666,0.279396
1328,0.703627,0.27926
1329,0.703588,0.279131
1330,0.703549,0.278997
1331,0.70351,0.278864
1332,0.703471,0.278734
1333,0.703433,0.278599
1334,0.703394,0.278463
1335,0.703355,0.278329
1336,0.703317,0.2782
1337,0.703278,0.278063
1338,0.703239,0.277932
1339,0.703201,0.277801
1340,0.703162,0.277658
1341,0.703124,0.27753
1342,0.703085,0.277401
1343,0.703047,0.277264
1344,0.703008,0.277132
1345,0.70297,0.277005
1346,0.702932,0.276869
1347,0.702893,0.276737
1348,0.702855,0.276603
1349,0.702817,0.276478
1350,0.702779,0.276339
1351,0.702741,0.276206
1352,0.702703,0.27607
1353,0.702664,0.275946
1354,0.702626,0.27581
1355,0.702588,0.275683
1356,0.70255,0.27555
1357,0.702513,0.275418
1358,0.702475,0.275286
1359,0.702437,0.275153
1360,0.702399,0.275026
1361,0.702361,0.274892
1362,0.702324,0.274764
1363,0.702286,0.274632
1364,0.702248,0.274497
1365,0.702211,0.27437
1366,0.702173,0.27424
1367,0.702135,0.274112
1368,0.702098,0.273974
1369,0.70206,0.273843
1370,0.702023,0.273715
1371,0.701985,0.273589
1372,0.701948,0.273457
1373,0.701911,0.273326
1374,0.701873,0.273193
1375,0.701836,0.273068
1376,0.701799,0.272937
1377,0.701762,0.272804
1378,0.701725,0.272675
1379,0.701687,0.272544
1380,0.70165,0.272412
1381,0.701613,0.272286
1382,0.701576,0.272157
1383,0.701539,0.272022
1384,0.701502,0.27189
1385,0.701465,0.271767
1386,0.701429,0.271636
1387,0.701392,0.271499
1388,0.701355,0.271373
1389,0.701318,0.271253
1390,0.701281,0.271122
1391,0.701245,0.27099
1392,0.701208,0.270861
1393,0.701171,0.270735
1394,0.701135,0.270601
1395,0.701098,0.270474
1396,0.701062,0.270345
1397,0.701025,0.270216
1398,0.700989,0.270095
1399,0.700952,0.269962
1400,0.700916,0.269834
1401,0.700879,0.269708
1402,0.700843,0.269576
1403,0.700807,0.269452
1404,0.700771,0.269322
1405,0.700734,0.269191
1406,0.700698,0.269067
1407,0.700662,0.268937
1408,0.700626,0.268806
1409,0.70059,0.268682
1410,0.700554,0.268551
1411,0.700518,0.268427
1412,0.700482,0.268299
1413,0.700446,0.268174
1414,0.70041,0.268047
1415,0.700374,0.267918
1416,0.700338,0.267789
1417,0.700302,0.267664
1418,0.700267,0.26754
1419,0.700231,0.267407
1420,0.700195,0.267284
1421,0.700159,0.267157
1422,0.700124,0.267025
1423,0.700088,0.266901
1424,0.700053,0.266777
1425,0.700017,0.26665
1426,0.699982,0.26652
1427,0.699946,0.266394
1428,0.699911,0.266272
1429,0.699875,0.266148
1430,0.69984,0.266021
1431,0.699805,0.265892
1432,0.699769,0.265767
1433,0.699734,0.265645
1434,0.699699,0.265512
1435,0.699663,0.265389
1436,0.699628,0.265262
1437,0.699593,0.265139
1438,0.699558,0.265013
1439,0.699523,0.264889
1440,0.699488,0.264761
1441,0.699453,0.26464
1442,0.699418,0.264517
1443,0.699383,0.264386
1444,0.699348,0.264261
1445,0.699313,0.264141
1446,0.699278,0.264013
1447,0.699244,0.263892
1448,0.699209,0.263762
1449,0.699174,0.263638
1450,0.699139,0.263517
1451,0.699105,0.263389
1452,0.69907,0.263264
1453,0.699035,0.263146
1454,0.699001,0.263013
1455,0.698966,0.262895
1456,0.698932,0.262771
1457,0.698897,0.262644
1458,0.698863,0.26252
1459,0.698828,0.262395
1460,0.698794,0.26227
1461,0.69876,0.262146
1462,0.698725,0.262021
1463,0.698691,0.261897
1464,0.698657,0.261777
1465,0.698623,0.261652
1466,0.698588,0.261533
1467,0.698554,0.261407
1468,0.69852,0.261284
1469,0.698486,0.26116
1470,0.698452,0.261037
1471,0.698418,0.260917
1472,0.698384,0.260793
1473,0.69835,0.260665
1474,0.698316,0.260546
1475,0.698282,0.260422
1476,0.698248,0.260296
1477,0.698214,0.260177
1478,0.698181,0.260058
1479,0.698147,0.259927
1480,0.698113,0.25981
1481,0.698079,0.25969
1482,0.698046,0.259568
1483,0.698012,0.259441
1484,0.697978,0.259321
1485,0.697945,0.259196
1486,0.697911,0.259074
1487,0.697878,0.258956
1488,0.697844,0.258832
1489,0.697811,0.258714
1490,0.697777,0.258594
1491,0.697744,0.258466
1492,0.697711,0.25835
1493,0.697677,0.258227
1494,0.697644,0.258106
1495,0.697611,0.257981
1496,0.697577,0.257862
1497,0.697544,0.257736
1498,0.697511,0.257618
1499,0.697478,0.257501
1500,0.697445,0.257375
1501,0.697412,0.257257
1502,0.697379,0.257134
1503,0.697346,0.257017
1504,0.697313,0.256893
1505,0.69728,0.256776
1506,0.697247,0.256652
1507,0.697214,0.256535
1508,0.697181,0.256411
1509,0.697148,0.256289
1510,0.697115,0.256166
1511,0.697083,0.256051
1512,0.69705,0.255934
1513,0.697017,0.25581
1514,0.696985,0.255695
1515,0.696952,0.255575
1516,0.696919,0.255453
1517,0.696887,0.255333
1518,0.696854,0.255212
1519,0.696822,0.255097
1520,0.696789,0.254971
1521,0.696757,0.254853
1522,0.696724,0.254733
1523,0.696692,0.25462
1524,0.696659,0.254494
1525,0.696627,0.254371
1526,0.696595,0.25426
1527,0.696562,0.254139
1528,0.69653,0.254018
1529,0.696498,0.253898
1530,0.696466,0.253778
1531,0.696434,0.253664
1532,0.696401,0.253544
1533,0.696369,0.253418
1534,0.696337,0.253303
1535,0.696305,0.253182
1536,0.696273,0.253072
1537,0.696241,0.252944
1538,0.696209,0.252827
1539,0.696177,0.252716
1540,0.696145,0.252596
1541,0.696114,0.252476
1542,0.696082,0.25236
1543,0.69605,0.25224
1544,0.696018,0.252122
1545,0.695986,0.252008
1546,0.695955,0.251882
1547,0.695923,0.251765
1548,0.695891,0.251649
1549,0.69586,0.251536
1550,0.695828,0.251415
1551,0.695797,0.2513
1552,0.695765,0.251177
1553,0.695734,0.251066
1554,0.695702,0.250951
1555,0.695671,0.25083
1556,0.695639,0.250714
1557,0.695608,0.250596
1558,0.695576,0.25048
1559,0.695545,0.250363
1560,0.695514,0.250248
1561,0.695483,0.250127
1562,0.695451,0.250011
1563,0.69542,0.249894
1564,0.695389,0.249781
1565,0.695358,0.249656
1566,0.695327,0.249545
1567,0.695295,0.24943
1568,0.695264,0.249315
1569,0.695233,0.24919
1570,0.695202,0.249081
1571,0.695171,0.248971
1572,0.69514,0.248847
1573,0.695109,0.248735
1574,0.695079,0.248619
1575,0.695048,0.248506
1576,0.695017,0.248384
1577,0.694986,0.248271
1578,0.694955,0.248156
1579,0.694925,0.248035
1580,0.694894,0.247923
1581,0.694863,0.24781
1582,0.694832,0.247691
1583,0.694802,0.247572
1584,0.694771,0.247465
1585,0.694741,0.247348
1586,0.69471,0.247232
1587,0.69468,0.247117
1588,0.694649,0.247001
1589,0.694619,0.246891
1590,0.694588,0.246771
1591,0.694558,0.246656
1592,0.694527,0.246546
1593,0.694497,0.246425
1594,0.694467,0.246316
1595,0.694436,0.246201
1596,0.694406,0.246088
1597,0.694376,0.245969
1598,0.694346,0.245859
1599,0.694315,0.245741
1600,0.694285,0.245628
1601,0.694255,0.245516
1602,0.694225,0.245396
1603,0.694195,0.245279
1604,0.694165,0.24517
1605,0.694135,0.24506
1606,0.694105,0.244951
1607,0.694075,0.244831
1608,0.694045,0.244721
1609,0.694015,0.244602
1610,0.693985,0.244487
1611,0.693955,0.244378
1612,0.693926,0.244267
1613,0.693896,0.244152
1614,0.693866,0.244033
1615,0.693836,0.243923
1616,0.693806,0.243812
1617,0.693777,0.2437
1618,0.693747,0.243584
1619,0.693718,0.243474
1620,0.693688,0.243357
1621,0.693658,0.243245
1622,0.693629,0.243137
1623,0.693599,0.243023
1624,0.69357,0.242911
1625,0.69354,0.242796
1626,0.693511,0.242685
1627,0.693481,0.242574
1628,0.693452,0.242458
1629,0.693423,0.242346
1630,0.693393,0.242231
1631,0.693364,0.242122
1632,0.693335,0.242015
1633,0.693306,0.2419
1634,0.693276,0.241784
1635,0.693247,0.241678
1636,0.693218,0.241562
1637,0.693189,0.241451
1638,0.69316,0.24134
1639,0.693131,0.241228
1640,0.693102,0.241118
1641,0.693072,0.241012
1642,0.693043,0.240894
1643,0.693014,0.240784
1644,0.692986,0.240672
1645,0.692957,0.240568
1646,0.692928,0.24045
1647,0.692899,0.240337
1648,0.69287,0.240227
1649,0.692841,0.240111
1650,0.692812,0.240009
1651,0.692784,0.239891
1652,0.692755,0.239782
1653,0.692726,0.239676
1654,0.692697,0.239562
1655,0.692669,0.239452
1656,0.69264,0.239344
1657,0.692612,0.239231
1658,0.692583,0.239121
1659,0.692554,0.239011
1660,0.692526,0.238898
1661,0.692497,0.238788
1662,0.692469,0.238679
1663,0.69244,0.238571
1664,0.692412,0.238462
1665,0.692384,0.238346
1666,0.692355,0.238239
1667,0.692327,0.238131
1668,0.692299,0.238022
1669,0.69227,0.237915
1670,0.692242,0.237806
1671,0.692214,0.237694
1672,0.692186,0.237582
1673,0.692157,0.23747
1674,0.692129,0.237362
1675,0.692101,0.237254
1676,0.692073,0.237147
1677,0.692045,0.237035
1678,0.692017,0.236926
1679,0.691989,0.23682
1680,0.691961,0.236703
1681,0.691933,0.236598
1682,0.691905,0.236494
1683,0.691877,0.236384
1684,0.691849,0.236275
1685,0.691821,0.236164
1686,0.691793,0.236058
1687,0.691765,0.235953
1688,0.691738,0.235839
1689,0.69171,0.235731
1690,0.691682,0.235621
1691,0.691654,0.235517
1692,0.691627,0.235405
1693,0.691599,0.235302
1694,0.691571,0.235188
1695,0.691544,0.235082
1696,0.691516,0.234977
1697,0.691489,0.23487
1698,0.691461,0.234762
1699,0.691433,0.234656
1700,0.691406,0.234542
1701,0.691378,0.234431
1702,0.691351,0.234327
1703,0.691324,0.234221
1704,0.691296,0.234114
1705,0.691269,0.234003
1706,0.691241,0.2339
1707,0.691214,0.233794
1708,0.691187,0.233683
1709,0.69116,0.233574
1710,0.691132,0.233468
1711,0.691105,0.233367
1712,0.691078,0.233255
1713,0.691051,0.233151
1714,0.691024,0.233045
1715,0.690996,0.232935
1716,0.690969,0.23283
1717,0.690942,0.232723
1718,0.690915,0.232611
1719,0.690888,0.23251
1720,0.690861,0.232404
1721,0.690834,0.232299
1722,0.690807,0.23219
1723,0.69078,0.232086
1724,0.690753,0.231978
1725,0.690727,0.231874
1726,0.6907,0.231766
1727,0.690673,0.231658
1728,0.690646,0.231549
1729,0.690619,0.231448
1730,0.690593,0.231339
1731,0.690566,0.231235
1732,0.690539,0.231129
1733,0.690512,0.231021
1734,0.690486,0.230921
1735,0.690459,0.230814
1736,0.690433,0.230713
1737,0.690406,0.230601
1738,0.690379,0.230497
1739,0.690353,0.230393
1740,0.690326,0.230284
1741,0.6903,0.230185
1742,0.690273,0.230076
1743,0.690247,0.229976
1744,0.690221,0.229863
1745,0.690194,0.229763
1746,0.690168,0.229657
1747,0.690142,0.229547
1748,0.690115,0.229445
1749,0.690089,0.229342
1750,0.690063,0.229239
1751,0.690036,0.229132
1752,0.69001,0.229034
1753,0.689984,0.228925
1754,0.689958,0.228819
1755,0.689932,0.228712
1756,0.689906,0.228611
1757,0.689879,0.228504
1758,0.689853,0.228408
1759,0.689827,0.228297
1760,0.689801,0.228193
1761,0.689775,0.228089
1762,0.689749,0.22799
1763,0.689723,0.227879
1764,0.689697,0.227782
1765,0.689671,0.227677
1766,0.689646,0.227576
1767,0.68962,0.227467
1768,0.689594,0.227361
1769,0.689568,0.227267
1770,0.689542,0.227162
1771,0.689516,0.227059
1772,0.689491,0.226949
1773,0.689465,0.226851
1774,0.689439,0.226746
1775,0.689414,0.226644
1776,0.689388,0.226537
1777,0.689362,0.226434
1778,0.689337,0.226335
1779,0.689311,0.226231
1780,0.689286,0.226124
1781,0.68926,0.226022
1782,0.689235,0.225924
1783,0.689209,0.225822
1784,0.689184,0.225714
1785,0.689158,0.225617
1786,0.689133,0.225511
1787,0.689107,0.225409
1788,0.689082,0.225307
1789,0.689057,0.225202
1790,0.689031,0.225104
1791,0.689006,0.224998
1792,0.688981,0.224903
1793,0.688955,0.224797
1794,0.68893,0.224694
1795,0.688905,0.224587
1796,0.68888,0.224487
1797,0.688855,0.224386
1798,0.688829,0.224283
1799,0.688804,0.224185
1800,0.688779,0.224088
1801,0.688754,0.223978
1802,0.688729,0.223882
1803,0.688704,0.223781
1804,0.688679,0.223674
1805,0.688654,0.223581
1806,0.688629,0.223473
1807,0.688604,0.223375
1808,0.688579,0.223272
1809,0.688554,0.223168
1810,0.688529,0.22307
1811,0.688505,0.222969
1812,0.68848,0.222868
1813,0.688455,0.222767
1814,0.68843,0.22266
1815,0.688405,0.222563
1816,0.688381,0.222466
1817,0.688356,0.222364
1818,0.688331,0.222263
1819,0.688307,0.222165
1820,0.688282,0.222064
1821,0.688257,0.221962
1822,0.688233,0.221865
1823,0.688208,0.221759
1824,0.688184,0.221661
1825,0.688159,0.221563
1826,0.688135,0.221461
1827,0.68811,0.22136
1828,0.688086,0.221261
1829,0.688061,0.221157
1830,0.688037,0.221062
1831,0.688012,0.220958
1832,0.687988,0.220861
1833,0.687964,0.220758
1834,0.687939,0.220664
1835,0.687915,0.220559
1836,0.687891,0.220465
1837,0.687866,0.220363
1838,0.687842,0.220267
1839,0.687818,0.220162
1840,0.687794,0.220064
1841,0.687769,0.219966
1842,0.687745,0.219869
1843,0.687721,0.219765
1844,0.687697,0.219663
1845,0.687673,0.219566
1846,0.687649,0.219469
1847,0.687625,0.219375
1848,0.687601,0.219272
1849,0.687577,0.21917
1850,0.687553,0.219073
1851,0.687529,0.218974
1852,0.687505,0.218876
1853,0.687481,0.21878
1854,0.687457,0.218679
1855,0.687433,0.218578
1856,0.687409,0.218485
1857,0.687385,0.218389
1858,0.687362,0.218284
1859,0.687338,0.218188
1860,0.687314,0.218089
1861,0.68729,0.217991
1862,0.687266,0.217891
1863,0.687243,0.217791
1864,0.687219,0.217696
1865,0.687195,0.217602
1866,0.687172,0.2175
1867,0.687148,0.217405
1868,0.687125,0.217301
1869,0.687101,0.217211
1870,0.687077,0.217112
1871,0.687054,0.217011
1872,0.68703,0.216917
1873,0.687007,0.216816
1874,0.686983,0.21672
1875,0.68696,0.216621
1876,0.686936,0.216523
1877,0.686913,0.216429
1878,0.68689,0.216327
1879,0.686866,0.216231
1880,0.686843,0.216136
1881,0.68682,0.216035
1882,0.686796,0.215939
1883,0.686773,0.215844
1884,0.68675,0.21575
1885,0.686726,0.215652
1886,0.686703,0.215551
1887,0.68668,0.215454
1888,0.686657,0.215358
1889,0.686634,0.215264
1890,0.686611,0.215173
1891,0.686587,0.215069
1892,0.686564,0.214974
1893,0.686541,0.214877
1894,0.686518,0.214782
1895,0.686495,0.214687
1896,0.686472,0.214586
1897,0.686449,0.214495
1898,0.686426,0.214399
1899,0.686403,0.214302
1900,0.68638,0.214205
1901,0.686357,0.214111
1902,0.686334,0.214011
1903,0.686312,0.213914
1904,0.686289,0.213821
1905,0.686266,0.213729
1906,0.686243,0.21363
1907,0.68622,0.213539
1908,0.686197,0.213438
1909,0.686175,0.213344
1910,0.686152,0.213249
1911,0.686129,0.213156
1912,0.686107,0.21306
1913,0.686084,0.212963
1914,0.686061,0.212868
1915,0.686039,0.212777
1916,0.686016,0.212675
1917,0.685993,0.212583
1918,0.685971,0.212489
1919,0.685948,0.212396
1920,0.685926,0.212298
1921,0.685903,0.212208
1922,0.685881,0.212114
1923,0.685858,0.21202
1924,0.685836,0.211918
1925,0.685813,0.211829
1926,0.685791,0.211732
1927,0.685769,0.211635
1928,0.685746,0.21154
1929,0.685724,0.211444
1930,0.685702,0.211348
1931,0.685679,0.211255
1932,0.685657,0.211167
1933,0.685635,0.211066
1934,0.685612,0.210974
1935,0.68559,0.210882
1936,0.685568,0.210787
1937,0.685546,0.210693
1938,0.685524,0.210598
1939,0.685502,0.210502
1940,0.685479,0.210412
1941,0.685457,0.210319
1942,0.685435,0.210227
1943,0.685413,0.210137
1944,0.685391,0.210036
1945,0.685369,0.209947
1946,0.685347,0.209849
1947,0.685325,0.209756
1948,0.685303,0.209663
1949,0.685281,0.20957
1950,0.685259,0.209474
1951,0.685237,0.209379
1952,0.685215,0.209294
1953,0.685193,0.209189
1954,0.685172,0.209105
1955,0.68515,0.209011
1956,0.685128,0.208915
1957,0.685106,0.208826
1958,0.685084,0.208729
1959,0.685063,0.208639
1960,0.685041,0.208549
1961,0.685019,0.208451
1962,0.684997,0.208364
1963,0.684976,0.208266
1964,0.684954,0.208178
1965,0.684932,0.208078
1966,0.684911,0.207989
1967,0.684889,0.207899
1968,0.684868,0.207807
1969,0.684846,0.207714
1970,0.684825,0.20762
1971,0.684803,0.207526
1972,0.684781,0.207438
1973,0.68476,0.207348
1974,0.684739,0.207253
1975,0.684717,0.207155
1976,0.684696,0.20707
1977,0.684674,0.206982
1978,0.684653,0.206887
1979,0.684631,0.206794
1980,0.68461,0.206704
1981,0.684589,0.206607
1982,0.684567,0.206517
1983,0.684546,0.206427
1984,0.684525,0.206332
1985,0.684504,0.206241
1986,0.684482,0.206158
1987,0.684461,0.206065
1988,0.68444,0.205966
1989,0.684419,0.205882
1990,0.684398,0.205788
1991,0.684376,0.205694
1992,0.684355,0.205605
1993,0.684334,0.205516
1994,0.684313,0.205422
1995,0.684292,0.205333
1996,0.684271,0.205241
1997,0.68425,0.205148
1998,0.684229,0.205061
1999,0.684208,0.20497
2000,0.684187,0.204876
2001,0.684166,0.204786
2002,0.684145,0.204704
2003,0.684124,0.204606
2004,0.684103,0.204511
2005,0.684082,0.20443
2006,0.684061,0.204335
2007,0.684041,0.204245
2008,0.68402,0.204153
2009,0.683999,0.204064
2010,0.683978,0.203972
2011,0.683957,0.203883
2012,0.683937,0.203791
2013,0.683916,0.203702
2014,0.683895,0.20361
2015,0.683874,0.203519
2016,0.683854,0.203432
2017,0.683833,0.203346
2018,0.683812,0.203255
2019,0.683792,0.203165
2020,0.683771,0.203074
2021,0.683751,0.202984
2022,0.68373,0.202897
2023,0.683709,0.202804
2024,0.683689,0.202716
2025,0.683668,0.202629
2026,0.683648,0.202535
2027,0.683627,0.202448
2028,0.683607,0.202358
2029,0.683586,0.202269
2030,0.683566,0.202178
2031,0.683546,0.202094
2032,0.683525,0.202005
2033,0.683505,0.201909
2034,0.683484,0.201823
2035,0.683464,0.201737
2036,0.683444,0.201648
2037,0.683423,0.201558
2038,0.683403,0.201473
2039,0.683383,0.20138
2040,0.683363,0.201294
2041,0.683342,0.2012
2042,0.683322,0.201114
2043,0.683302,0.201033
2044,0.683282,0.200939
2045,0.683262,0.200847
2046,0.683241,0.200765
2047,0.683221,0.200675
2048,0.683201,0.200585
2049,0.683181,0.200497
2050,0.683161,0.200409
2051,0.683141,0.20032
2052,0.683121,0.200234
2053,0.683101,0.200141
2054,0.683081,0.200059
2055,0.683061,0.199968
2056,0.683041,0.199877
2057,0.683021,0.199789
2058,0.683001,0.199706
2059,0.682981,0.199618
2060,0.682961,0.199532
2061,0.682941,0.199445
2062,0.682921,0.199358
2063,0.682902,0.199268
2064,0.682882,0.199184
2065,0.682862,0.19909
2066,0.682842,0.198999
2067,0.682822,0.198914
2068,0.682803,0.19883
2069,0.682783,0.198746
2070,0.682763,0.198659
2071,0.682743,0.198569
2072,0.682724,0.19848
2073,0.682704,0.198398
2074,0.682684,0.198305
2075,0.682665,0.19822
2076,0.682645,0.198134
2077,0.682626,0.19805
2078,0.682606,0.19796
2079,0.682586,0.19787
2080,0.682567,0.197788
2081,0.682547,0.1977
2082,0.682528,0.197616
2083,0.682508,0.197527
2084,0.682489,0.197443
2085,0.682469,0.197355
2086,0.68245,0.197266
2087,0.68243,0.197182
2088,0.682411,0.197094
2089,0.682392,0.197008
2090,0.682372,0.196924
2091,0.682353,0.196836
2092,0.682333,0.19675
2093,0.682314,0.196664
2094,0.682295,0.196581
2095,0.682276,0.196495
2096,0.682256,0.196409
2097,0.682237,0.196318
2098,0.682218,0.196238
2099,0.682199,0.196148
2100,0.682179,0.196068
2101,0.68216,0.195979
2102,0.682141,0.195894
2103,0.682122,0.19581
2104,0.682103,0.195723
2105,0.682083,0.195635
2106,0.682064,0.195551
2107,0.682045,0.195466
2108,0.682026,0.195377
2109,0.682007,0.195292
2110,0.681988,0.195212
2111,0.681969,0.19513
2112,0.68195,0.19504
2113,0.681931,0.194955
2114,0.681912,0.194873
2115,0.681893,0.19478
2116,0.681874,0.194701
2117,0.681855,0.194617
2118,0.681836,0.19453
2119,0.681817,0.194446
2120,0.681798,0.194362
2121,0.68178,0.194278
2122,0.681761,0.194192
2123,0.681742,0.194109
2124,0.681723,0.194024
2125,0.681704,0.193936
2126,0.681685,0.193853
2127,0.681667,0.193769
2128,0.681648,0.193684
2129,0.681629,0.193605
2130,0.681611,0.193516
2131,0.681592,0.193433
2132,0.681573,0.193352
2133,0.681554,0.193265
2134,0.681536,0.193178
2135,0.681517,0.193094
2136,0.681499,0.193018
2137,0.68148,0.192926
2138,0.681461,0.192843
2139,0.681443,0.192757
2140,0.681424,0.192679
2141,0.681406,0.192584
2142,0.681387,0.192505
2143,0.681369,0.192423
2144,0.68135,0.192339
2145,0.681332,0.192255
2146,0.681313,0.192176
2147,0.681295,0.192091
2148,0.681276,0.192003
2149,0.681258,0.191927
2150,0.68124,0.19184
2151,0.681221,0.191759
2152,0.681203,0.191673
2153,0.681184,0.191592
2154,0.681166,0.191505
2155,0.681148,0.191423
2156,0.681129,0.191346
2157,0.681111,0.19126
2158,0.681093,0.191177
2159,0.681075,0.191092
2160,0.681056,0.191005
2161,0.681038,0.190927
2162,0.68102,0.190841
2163,0.681002,0.190762
2164,0.680984,0.190676
2165,0.680965,0.190594
2166,0.680947,0.190512
2167,0.680929,0.190433
2168,0.680911,0.190347
2169,0.680893,0.19027
2170,0.680875,0.190185
2171,0.680857,0.1901
2172,0.680839,0.19002
2173,0.680821,0.189938
2174,0.680803,0.189856
2175,0.680785,0.189777
2176,0.680767,0.189692
2177,0.680749,0.189604
2178,0.680731,0.189528
2179,0.680713,0.189441
2180,0.680695,0.189362
2181,0.680677,0.189281
2182,0.680659,0.189199
2183,0.680641,0.189114
2184,0.680623,0.189033
2185,0.680606,0.188956
2186,0.680588,0.188877
2187,0.68057,0.18879
2188,0.680552,0.188713
2189,0.680534,0.188623
2190,0.680517,0.18855
2191,0.680499,0.188466
2192,0.680481,0.188386
2193,0.680463,0.1883
2194,0.680446,0.188222
2195,0.680428,0.188142
2196,0.68041,0.188059
2197,0.680393,0.187974
2198,0.680375,0.187896
2199,0.680357,0.187815
2200,0.68034,0.187735
2201,0.680322,0.187655
2202,0.680304,0.187573
2203,0.680287,0.187488
2204,0.680269,0.187415
2205,0.680252,0.187329
2206,0.680234,0.187249
2207,0.680217,0.187167
2208,0.680199,0.187086
2209,0.680182,0.187006
2210,0.680164,0.186921
2211,0.680147,0.186843
2212,0.680129,0.186762
2213,0.680112,0.186685
2214,0.680095,0.1866
2215,0.680077,0.186522
2216,0.68006,0.186442
2217,0.680042,0.186363
2218,0.680025,0.186285
2219,0.680008,0.186202
2220,0.67999,0.186121
2221,0.679973,0.186045
2222,0.679956,0.185961
2223,0.679939,0.185879
2224,0.679921,0.185804
2225,0.679904,0.185729
2226,0.679887,0.185644
2227,0.67987,0.185565
2228,0.679852,0.185483
2229,0.679835,0.185404
2230,0.679818,0.185322
2231,0.679801,0.18524
2232,0.679784,0.185163
2233,0.679767,0.185085
2234,0.67975,0.185008
2235,0.679733,0.184927
2236,0.679715,0.18485
2237,0.679698,0.184764
2238,0.679681,0.184687
2239,0.679664,0.184607
2240,0.679647,0.184524
2241,0.67963,0.184448
2242,0.679613,0.184371
2243,0.679596,0.184289
2244,0.679579,0.184216
2245,0.679562,0.184131
2246,0.679545,0.184057
2247,0.679529,0.183975
2248,0.679512,0.183897
2249,0.679495,0.183822
2250,0.679478,0.183741
2251,0.679461,0.183659
2252,0.679444,0.183581
2253,0.679427,0.183501
2254,0.67941,0.183425
2255,0.679394,0.183347
2256,0.679377,0.183267
2257,0.67936,0.18319
2258,0.679343,0.183116
2259,0.679327,0.183028
2260,0.67931,0.182954
2261,0.679293,0.182878
2262,0.679276,0.182799
2263,0.67926,0.182714
2264,0.679243,0.182645
2265,0.679226,0.18256
2266,0.67921,0.182483
2267,0.679193,0.18241
2268,0.679177,0.182325
2269,0.67916,0.18225
2270,0.679143,0.182173
2271,0.679127,0.182096
2272,0.67911,0.182015
2273,0.679094,0.181934
2274,0.679077,0.181863
2275,0.679061,0.181783
2276,0.679044,0.18171
2277,0.679028,0.181624
2278,0.679011,0.181553
2279,0.678995,0.18147
2280,0.678978,0.181392
2281,0.678962,0.181321
2282,0.678945,0.181239
2283,0.678929,0.181164
2284,0.678913,0.181085
2285,0.678896,0.181003
2286,0.67888,0.180932
2287,0.678863,0.180856
2288,0.678847,0.180779
2289,0.678831,0.180702
2290,0.678814,0.180621
2291,0.678798,0.180543
2292,0.678782,0.180463
2293,0.678766,0.180392
2294,0.678749,0.18031
2295,0.678733,0.180237
2296,0.678717,0.180157
2297,0.678701,0.180085
2298,0.678685,0.180005
2299,0.678668,0.179933
2300,0.678652,0.179852
2301,0.678636,0.179776
2302,0.67862,0.179701
2303,0.678604,0.179625
2304,0.678588,0.179549
2305,0.678572,0.179467
2306,0.678555,0.179396
2307,0.678539,0.179316
2308,0.678523,0.179243
2309,0.678507,0.17917
2310,0.678491,0.17909
2311,0.678475,0.179015
2312,0.678459,0.17894
2313,0.678443,0.178866
2314,0.678427,0.178786
2315,0.678411,0.178706
2316,0.678395,0.178633
2317,0.678379,0.178557
2318,0.678363,0.178485
2319,0.678348,0.178402
2320,0.678332,0.178331
2321,0.678316,0.178257
2322,0.6783,0.178183
2323,0.678284,0.1781
2324,0.678268,0.17803
2325,0.678252,0.177951
2326,0.678237,0.177872
2327,0.678221,0.177799
2328,0.678205,0.177727
2329,0.678189,0.17765
2330,0.678173,0.177577
2331,0.678158,0.177499
2332,0.678142,0.17742
2333,0.678126,0.177348
2334,0.67811,0.177272
2335,0.678095,0.177198
2336,0.678079,0.177123
2337,0.678063,0.177049
2338,0.678048,0.17698
2339,0.678032,0.1769
2340,0.678017,0.176823
2341,0.678001,0.176748
2342,0.677985,0.176672
2343,0.67797,0.176601
2344,0.677954,0.176527
2345,0.677939,0.176448
2346,0.677923,0.176376
2347,0.677907,0.176298
2348,0.677892,0.176224
2349,0.677876,0.17615
2350,0.677861,0.176077
2351,0.677845,0.176002
2352,0.67783,0.175927
2353,0.677815,0.17585
2354,0.677799,0.175782
2355,0.677784,0.175696
2356,0.677768,0.175632
2357,0.677753,0.175554
2358,0.677737,0.175484
2359,0.677722,0.175404
2360,0.677707,0.175335
2361,0.677691,0.175259
2362,0.677676,0.175182
2363,0.677661,0.175105
2364,0.677645,0.175037
2365,0.67763,0.17496
2366,0.677615,0.17489
2367,0.677599,0.174815
2368,0.677584,0.17474
2369,0.677569,0.174666
2370,0.677554,0.174593
2371,0.677538,0.174516
2372,0.677523,0.174446
2373,0.677508,0.174372
2374,0.677493,0.174296
2375,0.677478,0.17423
2376,0.677463,0.174151
2377,0.677447,0.174075
2378,0.677432,0.174
2379,0.677417,0.173929
2380,0.677402,0.173861
2381,0.677387,0.173786
2382,0.677372,0.173711
2383,0.677357,0.173636
2384,0.677342,0.173565
2385,0.677327,0.17349
2386,0.677312,0.173427
2387,0.677297,0.173346
2388,0.677282,0.173266
2389,0.677267,0.1732
2390,0.677252,0.173128
2391,0.677237,0.173056
2392,0.677222,0.172981
2393,0.677207,0.17291
2394,0.677192,0.172836
2395,0.677177,0.172765
2396,0.677162,0.172693
2397,0.677147,0.172614
2398,0.677132,0.172546
2399,0.677117,0.172472
2400,0.677102,0.172398
2401,0.677088,0.172325
2402,0.677073,0.172258
2403,0.677058,0.172185
2404,0.677043,0.172111
2405,0.677028,0.172036
2406,0.677014,0.171965
2407,0.676999,0.171893
2408,0.676984,0.171825
2409,0.676969,0.171748
2410,0.676955,0.171676
2411,0.67694,0.171602
2412,0.676925,0.171529
2413,0.67691,0.17146
2414,0.676896,0.171389
2415,0.676881,0.171316
2416,0.676866,0.171245
2417,0.676852,0.17117
2418,0.676837,0.1711
2419,0.676823,0.171033
2420,0.676808,0.170956
2421,0.676793,0.170885
2422,0.676779,0.170814
2423,0.676764,0.170748
2424,0.67675,0.17067
2425,0.676735,0.170599
2426,0.676721,0.170531
2427,0.676706,0.170457
2428,0.676692,0.170389
2429,0.676677,0.170314
2430,0.676663,0.170242
2431,0.676648,0.170177
2432,0.676634,0.1701
2433,0.676619,0.170028
2434,0.676605,0.169958
2435,0.67659,0.169885
2436,0.676576,0.169815
2437,0.676561,0.169746
2438,0.676547,0.16967
2439,0.676533,0.169598
2440,0.676518,0.169526
2441,0.676504,0.169464
2442,0.67649,0.169387
2443,0.676475,0.169316
2444,0.676461,0.169247
2445,0.676447,0.169174
2446,0.676432,0.169108
2447,0.676418,0.169037
2448,0.676404,0.168963
2449,0.67639,0.168892
2450,0.676375,0.168824
2451,0.676361,0.168752
2452,0.676347,0.168683
2453,0.676333,0.168616
2454,0.676318,0.168542
2455,0.676304,0.168464
2456,0.67629,0.168401
2457,0.676276,0.168335
2458,0.676262,0.168261
2459,0.676248,0.168191
2460,0.676233,0.16812
2461,0.676219,0.168054
2462,0.676205,0.167979
2463,0.676191,0.167911
2464,0.676177,0.16784
2465,0.676163,0.167768
2466,0.676149,0.167703
2467,0.676135,0.167634
2468,0.676121,0.167557
2469,0.676107,0.167489
2470,0.676093,0.167418
2471,0.676079,0.16735
2472,0.676065,0.16728
2473,0.676051,0.167208
2474,0.676037,0.167139
2475,0.676023,0.167074
2476,0.676009,0.167002
2477,0.675995,0.166931
2478,0.675981,0.16686
2479,0.675967,0.166795
2480,0.675953,0.166723
2481,0.675939,0.166651
2482,0.675926,0.166587
2483,0.675912,0.166522
2484,0.675898,0.16645
2485,0.675884,0.166375
2486,0.67587,0.16631
2487,0.675856,0.166238
2488,0.675843,0.166169
2489,0.675829,0.166107
2490,0.675815,0.166034
2491,0.675801,0.165964
2492,0.675787,0.165894
2493,0.675774,0.165825
2494,0.67576,0.165756
2495,0.675746,0.165685
2496,0.675733,0.165624
2497,0.675719,0.165551
2498,0.675705,0.165482
2499,0.675692,0.165412
2500,0.675678,0.165341
2501,0.675664,0.165275
2502,0.675651,0.165208
2503,0.675637,0.165139
2504,0.675623,0.165067
2505,0.67561,0.164997
2506,0.675596,0.164932
2507,0.675582,0.164865
2508,0.675569,0.164791
2509,0.675555,0.164725
2510,0.675542,0.164659
2511,0.675528,0.164587
2512,0.675515,0.164522
2513,0.675501,0.164456
2514,0.675488,0.164386
2515,0.675474,0.164319
2516,0.675461,0.164249
2517,0.675447,0.164185
2518,0.675434,0.164114
2519,0.67542,0.164048
2520,0.675407,0.163976
2521,0.675393,0.163909
2522,0.67538,0.163841
2523,0.675367,0.163774
2524,0.675353,0.163705
2525,0.67534,0.163634
2526,0.675326,0.163575
2527,0.675313,0.163506
2528,0.6753,0.163435
2529,0.675286,0.163367
2530,0.675273,0.1633
2531,0.67526,0.163233
2532,0.675246,0.163166
2533,0.675233,0.163097
2534,0.67522,0.163032
2535,0.675207,0.162963
2536,0.675193,0.162893
2537,0.67518,0.162821
2538,0.675167,0.162762
2539,0.675154,0.162695
2540,0.67514,0.162625
2541,0.675127,0.162565
2542,0.675114,0.162488
2543,0.675101,0.162428
2544,0.675088,0.16236
2545,0.675074,0.162294
2546,0.675061,0.162226
2547,0.675048,0.162158
2548,0.675035,0.162088
2549,0.675022,0.162028
2550,0.675009,0.161956
2551,0.674996,0.161893
2552,0.674983,0.161824
2553,0.674969,0.161756
2554,0.674956,0.161685
2555,0.674943,0.161625
2556,0.67493,0.161557
2557,0.674917,0.161487
2558,0.674904,0.161426
2559,0.674891,0.161354
2560,0.674878,0.161293
2561,0.674865,0.161225
2562,0.674852,0.161158
2563,0.674839,0.161093
2564,0.674826,0.161026
2565,0.674813,0.160954
2566,0.6748,0.160893
2567,0.674787,0.160831
2568,0.674775,0.160761
2569,0.674762,0.160696
2570,0.674749,0.160627
2571,0.674736,0.160558
2572,0.674723,0.160494
2573,0.67471,0.160427
2574,0.674697,0.160365
2575,0.674684,0.160299
2576,0.674672,0.160232
2577,0.674659,0.16017
2578,0.674646,0.160103
2579,0.674633,0.16003
2580,0.67462,0.15997
2581,0.674608,0.159903
2582,0.674595,0.159841
2583,0.674582,0.159775
2584,0.674569,0.159706
2585,0.674557,0.159637
2586,0.674544,0.159574
2587,0.674531,0.159512
2588,0.674518,0.159443
2589,0.674506,0.159381
2590,0.674493,0.159316
2591,0.67448,0.159244
2592,0.674468,0.159182
2593,0.674455,0.159118
2594,0.674442,0.15905
2595,0.67443,0.158985
2596,0.674417,0.158918
2597,0.674404,0.158858
2598,0.674392,0.158789
2599,0.674379,0.158729
2600,0.674367,0.158656
2601,0.674354,0.158597
2602,0.674342,0.158528
2603,0.674329,0.158469
2604,0.674316,0.158398
2605,0.674304,0.158335
2606,0.674291,0.158267
2607,0.674279,0.15821
2608,0.674266,0.158144
2609,0.674254,0.158079
2610,0.674241,0.158008
2611,0.674229,0.157952
2612,0.674217,0.157878
2613,0.674204,0.15782
2614,0.674192,0.157751
2615,0.674179,0.157688
2616,0.674167,0.157628
2617,0.674154,0.157563
2618,0.674142,0.157498
2619,0.67413,0.157433
2620,0.674117,0.15737
2621,0.674105,0.157307
2622,0.674092,0.157237
2623,0.67408,0.157173
2624,0.674068,0.15711
2625,0.674055,0.157047
2626,0.674043,0.156974
2627,0.674031,0.156921
2628,0.674019,0.15685
2629,0.674006,0.15679
2630,0.673994,0.156723
2631,0.673982,0.156659
2632,0.673969,0.156595
2633,0.673957,0.156536
2634,0.673945,0.156471
2635,0.673933,0.15641
2636,0.67392,0.156342
2637,0.673908,0.156279
2638,0.673896,0.156216
2639,0.673884,0.156155
2640,0.673872,0.156087
2641,0.67386,0.156023
2642,0.673847,0.15596
2643,0.673835,0.155897
2644,0.673823,0.155834
2645,0.673811,0.155769
2646,0.673799,0.155708
2647,0.673787,0.15564
2648,0.673775,0.155577
2649,0.673763,0.155513
2650,0.67375,0.155452
2651,0.673738,0.15538
2652,0.673726,0.155324
2653,0.673714,0.155266
2654,0.673702,0.155192
2655,0.67369,0.155135
2656,0.673678,0.155074
2657,0.673666,0.155008
2658,0.673654,0.154948
2659,0.673642,0.154879
2660,0.67363,0.154818
2661,0.673618,0.154762
2662,0.673606,0.154695
2663,0.673594,0.154629
2664,0.673582,0.15457
2665,0.67357,0.154504
2666,0.673559,0.154439
2667,0.673547,0.15438
2668,0.673535,0.154317
2669,0.673523,0.154254
2670,0.673511,0.154194
2671,0.673499,0.154127
2672,0.673487,0.154067
2673,0.673475,0.154003
2674,0.673463,0.153946
2675,0.673452,0.153878
2676,0.67344,0.153819
2677,0.673428,0.153757
2678,0.673416,0.153689
2679,0.673404,0.15363
2680,0.673393,0.153568
2681,0.673381,0.153507
2682,0.673369,0.153444
2683,0.673357,0.153381
2684,0.673346,0.153317
2685,0.673334,0.153255
2686,0.673322,0.153195
2687,0.67331,0.153129
2688,0.673299,0.153068
2689,0.673287,0.153012
2690,0.673275,0.152944
2691,0.673264,0.152887
2692,0.673252,0.152824
2693,0.67324,0.152764
2694,0.673229,0.152699
2695,0.673217,0.152631
2696,0.673205,0.152577
2697,0.673194,0.152514
2698,0.673182,0.152451
2699,0.67317,0.152389
2700,0.673159,0.152327
2701,0.673147,0.152267
2702,0.673136,0.152208
2703,0.673124,0.152138
2704,0.673112,0.152083
2705,0.673101,0.152021
2706,0.673089,0.151956
2707,0.673078,0.151888
2708,0.673066,0.151839
2709,0.673055,0.151773
2710,0.673043,0.151717
2711,0.673032,0.151652
2712,0.67302,0.151589
2713,0.673009,0.151531
2714,0.672997,0.151467
2715,0.672986,0.151412
2716,0.672974,0.151344
2717,0.672963,0.151283
2718,0.672952,0.151222
2719,0.67294,0.151156
2720,0.672929,0.151098
2721,0.672917,0.151038
2722,0.672906,0.150978
2723,0.672895,0.150917
2724,0.672883,0.150863
2725,0.672872,0.150798
2726,0.67286,0.150733
2727,0.672849,0.150672
2728,0.672838,0.150612
2729,0.672826,0.15055
2730,0.672815,0.150494
2731,0.672804,0.150435
2732,0.672793,0.150372
2733,0.672781,0.150312
2734,0.67277,0.15025
2735,0.672759,0.150193
2736,0.672747,0.150129
2737,0.672736,0.150073
2738,0.672725,0.15001
2739,0.672714,0.149948
2740,0.672702,0.149887
2741,0.672691,0.149825
2742,0.67268,0.149763
2743,0.672669,0.149711
2744,0.672658,0.14965
2745,0.672646,0.149584
2746,0.672635,0.149521
2747,0.672624,0.149465
2748,0.672613,0.149406
2749,0.672602,0.149345
2750,0.672591,0.149285
2751,0.672579,0.149225
2752,0.672568,0.149165
2753,0.672557,0.149107
2754,0.672546,0.149047
2755,0.672535,0.148983
2756,0.672524,0.148926
2757,0.672513,0.148867
2758,0.672502,0.148811
2759,0.672491,0.148745
2760,0.67248,0.148684
2761,0.672469,0.148627
2762,0.672458,0.148568
2763,0.672447,0.148509
2764,0.672436,0.148445
2765,0.672425,0.148389
2766,0.672414,0.148329
2767,0.672403,0.148266
2768,0.672392,0.148208
2769,0.672381,0.148152
2770,0.67237,0.148091
2771,0.672359,0.148033
2772,0.672348,0.147976
2773,0.672337,0.147911
2774,0.672326,0.147854
2775,0.672315,0.147799
2776,0.672304,0.147736
2777,0.672293,0.147674
2778,0.672282,0.147618
2779,0.672271,0.14756
2780,0.672261,0.147493
2781,0.67225,0.147439
2782,0.672239,0.147381
2783,0.672228,0.147319
2784,0.672217,0.147263
2785,0.672206,0.147207
2786,0.672195,0.147147
2787,0.672185,0.147086
2788,0.672174,0.147025
2789,0.672163,0.146972
2790,0.672152,0.146909
2791,0.672141,0.146851
2792,0.672131,0.146794
2793,0.67212,0.146733
2794,0.672109,0.146676
2795,0.672098,0.146617
2796,0.672088,0.146559
2797,0.672077,0.1465
2798,0.672066,0.146438
2799,0.672056,0.146385
2800,0.672045,0.146325
2801,0.672034,0.146267
2802,0.672023,0.146206
2803,0.672013,0.146146
2804,0.672002,0.146087
2805,0.671991,0.146033
2806,0.671981,0.145977
2807,0.67197,0.145914
2808,0.671959,0.145851
2809,0.671949,0.145802
2810,0.671938,0.14574
2811,0.671928,0.14568
2812,0.671917,0.145624
2813,0.671906,0.145567
2814,0.671896,0.145505
2815,0.671885,0.145451
2816,0.671875,0.145393
2817,0.671864,0.145332
2818,0.671854,0.145276
2819,0.671843,0.145215
2820,0.671833,0.145161
2821,0.671822,0.145102
2822,0.671811,0.145049
2823,0.671801,0.144985
2824,0.67179,0.14493
2825,0.67178,0.14487
2826,0.67177,0.144814
2827,0.671759,0.144755
2828,0.671749,0.1447
2829,0.671738,0.144637
2830,0.671728,0.144582
2831,0.671717,0.144526
2832,0.671707,0.14447
2833,0.671696,0.144409
2834,0.671686,0.14435
2835,0.671676,0.144301
2836,0.671665,0.14424
2837,0.671655,0.14418
2838,0.671644,0.144125
2839,0.671634,0.144066
2840,0.671624,0.144012
2841,0.671613,0.14395
2842,0.671603,0.143893
2843,0.671593,0.143836
2844,0.671582,0.143781
2845,0.671572,0.14372
2846,0.671562,0.143667
2847,0.671551,0.143611
2848,0.671541,0.143552
2849,0.671531,0.143496
2850,0.67152,0.143437
2851,0.67151,0.143382
2852,0.6715,0.143325
2853,0.67149,0.143267
2854,0.671479,0.14321
2855,0.671469,0.143153
2856,0.671459,0.143098
2857,0.671449,0.143038
2858,0.671438,0.142984
2859,0.671428,0.142926
2860,0.671418,0.142873
2861,0.671408,0.142812
2862,0.671398,0.142758
2863,0.671387,0.142704
2864,0.671377,0.142642
2865,0.671367,0.142586
2866,0.671357,0.142526
2867,0.671347,0.142474
2868,0.671337,0.142416
2869,0.671327,0.142362
2870,0.671316,0.142302
2871,0.671306,0.142246
2872,0.671296,0.142193
2873,0.671286,0.142138
2874,0.671276,0.142077
2875,0.671266,0.142024
2876,0.671256,0.141974
2877,0.671246,0.141914
2878,0.671236,0.141854
2879,0.671226,0.141802
2880,0.671216,0.141741
2881,0.671206,0.141685
2882,0.671196,0.141631
2883,0.671186,0.141574
2884,0.671176,0.141517
2885,0.671166,0.141465
2886,0.671156,0.141406
2887,0.671146,0.14135
2888,0.671136,0.141297
2889,0.671126,0.141235
2890,0.671116,0.141183
2891,0.671106,0.141131
2892,0.671096,0.141071
2893,0.671086,0.141013
2894,0.671076,0.140962
2895,0.671066,0.140902
2896,0.671056,0.140847
2897,0.671046,0.140796
2898,0.671036,0.14074
2899,0.671026,0.140682
2900,0.671016,0.14063
2901,0.671007,0.14057
2902,0.670997,0.140518
2903,0.670987,0.140455
2904,0.670977,0.140404
2905,0.670967,0.140348
2906,0.670957,0.140293
2907,0.670947,0.140238
2908,0.670938,0.140185
2909,0.670928,0.140127
2910,0.670918,0.140075
2911,0.670908,0.140024
2912,0.670898,0.139961
2913,0.670889,0.139905
2914,0.670879,0.139854
2915,0.670869,0.139799
2916,0.670859,0.139742
2917,0.67085,0.139687
2918,0.67084,0.139635
2919,0.67083,0.139577
2920,0.67082,0.139522
2921,0.670811,0.139465
2922,0.670801,0.139414
2923,0.670791,0.139361
2924,0.670781,0.139302
2925,0.670772,0.139247
2926,0.670762,0.139193
2927,0.670752,0.139141
2928,0.670743,0.13908
2929,0.670733,0.139031
2930,0.670723,0.138975
2931,0.670714,0.138925
2932,0.670704,0.138863
2933,0.670694,0.13881
2934,0.670685,0.13876
2935,0.670675,0.138702
2936,0.670666,0.138648
2937,0.670656,0.138592
2938,0.670646,0.13854
2939,0.670637,0.138487
2940,0.670627,0.138432
2941,0.670618,0.138376
2942,0.670608,0.138321
2943,0.670599,0.138272
2944,0.670589,0.138215
2945,0.670579,0.13816
2946,0.67057,0.138111
2947,0.67056,0.13805
2948,0.670551,0.137996
2949,0.670541,0.137942
2950,0.670532,0.137889
2951,0.670522,0.137835
2952,0.670513,0.13778
2953,0.670503,0.137727
2954,0.670494,0.137672
2955,0.670484,0.137615
2956,0.670475,0.137564
2957,0.670466,0.137511
2958,0.670456,0.137461
2959,0.670447,0.1374
2960,0.670437,0.137353
2961,0.670428,0.1373
2962,0.670418,0.137235
2963,0.670409,0.137193
2964,0.6704,0.137136
2965,0.67039,0.137075
2966,0.670381,0.137026
2967,0.670371,0.136973
2968,0.670362,0.136923
2969,0.670353,0.136868
2970,0.670343,0.136814
2971,0.670334,0.136761
2972,0.670325,0.136703
2973,0.670315,0.136651
2974,0.670306,0.136593
2975,0.670297,0.136541
2976,0.670287,0.136492
2977,0.670278,0.136439
2978,0.670269,0.136386
2979,0.670259,0.136335
2980,0.67025,0.136282
2981,0.670241,0.136225
2982,0.670232,0.13617
2983,0.670222,0.136117
2984,0.670213,0.136065
2985,0.670204,0.136014
2986,0.670195,0.13596
2987,0.670185,0.135901
2988,0.670176,0.135858
2989,0.670167,0.135802
2990,0.670158,0.135746
2991,0.670149,0.135694
2992,0.670139,0.135639
2993,0.67013,0.135588
2994,0.670121,0.135538
2995,0.670112,0.135484
2996,0.670103,0.135431
2997,0.670093,0.135375
2998,0.670084,0.13533
2999,0.670075,0.13527
3000,0.670066,0.135225
