date,day_name,actual_price_idr,pred_walkforward_idr,pred_rollout_idr
2026-09-01,Day,2664000,2676166,2676166
2026-09-02,Day,2624000,2673940,2678454
2026-09-03,Day,2639000,2657325,2681127
2026-09-04,Day,2670000,2649299,2684606
2026-09-05,Day,2640000,2653491,2687359
2026-09-06,Day,2640000,2655933,2690194
2026-09-07,Day,2637000,2656164,2693082
2026-09-08,Day,2627000,2646242,2695800
2026-09-09,Day,2610000,2641644,2698495
2026-09-10,Day,2625000,2631498,2701147
2026-09-11,Day,2600000,2629100,2703726
2026-09-12,Day,2604000,2619269,2706258
2026-09-13,Day,2604000,2617764,2708739
2026-09-14,Day,2602000,2611606,2711166
2026-09-15,Day,2592000,2612038,2713544
2026-09-16,Day,2593000,2607737,2715872
2026-09-17,Day,2598000,2604563,2718152
2026-09-18,Day,2598000,2603778,2720384
2026-09-19,Day,2623000,2605550,2722570
2026-09-20,Day,2638000,2616294,2724711
2026-09-21,Day,2628000,2629252,2726807
2026-09-22,Day,2628000,2637319,2728860
2026-09-23,Day,2627000,2638766,2730870
2026-09-24,Day,2630000,2635459,2732838
2026-09-25,Day,2605000,2636276,2734766
2026-09-26,Day,2590000,2627594,2736654
2026-09-27,Day,2613000,2615516,2738502
2026-09-28,Day,2613000,2612273,2740312
2026-09-29,Day,2597000,2614670,2742084
2026-09-30,Day,2580000,2615488,2743820
